-- phpMyAdmin SQL Dump
-- version 5.1.0
-- https://www.phpmyadmin.net/
--
-- Host: 127.0.0.1
-- Generation Time: Aug 26, 2022 at 04:06 AM
-- Server version: 10.4.19-MariaDB
-- PHP Version: 8.0.6

SET SQL_MODE = "NO_AUTO_VALUE_ON_ZERO";
START TRANSACTION;
SET time_zone = "+00:00";


/*!40101 SET @OLD_CHARACTER_SET_CLIENT=@@CHARACTER_SET_CLIENT */;
/*!40101 SET @OLD_CHARACTER_SET_RESULTS=@@CHARACTER_SET_RESULTS */;
/*!40101 SET @OLD_COLLATION_CONNECTION=@@COLLATION_CONNECTION */;
/*!40101 SET NAMES utf8mb4 */;

--
-- Database: `bartender_db`
--

-- --------------------------------------------------------

--
-- Table structure for table `audit_log`
--

CREATE TABLE `audit_log` (
  `id` int(11) NOT NULL,
  `location` varchar(128) NOT NULL,
  `action` varchar(128) NOT NULL,
  `data` varchar(128) NOT NULL,
  `user_id` int(10) UNSIGNED NOT NULL,
  `timestamp` timestamp NOT NULL DEFAULT current_timestamp(),
  `status` varchar(128) NOT NULL
) ENGINE=InnoDB DEFAULT CHARSET=latin1;

--
-- Dumping data for table `audit_log`
--

INSERT INTO `audit_log` (`id`, `location`, `action`, `data`, `user_id`, `timestamp`, `status`) VALUES
(1, 'Auth', 'User Login', 'n01442977@unf.edu Logged In Successfully!', 1, '2022-08-25 20:34:02', 'success'),
(2, 'Data', 'Insert Products', 'Products creation  Succeeded!', 1, '2022-08-25 21:47:13', 'success'),
(3, 'Data', 'Insert Products', 'Products creation  Succeeded!', 1, '2022-08-25 21:48:23', 'success'),
(4, 'Data', 'Insert Products', 'Products creation  Succeeded!', 1, '2022-08-25 21:49:40', 'success'),
(5, 'Data', 'Insert Orders', 'Orders creation  Succeeded!', 1, '2022-08-25 22:23:09', 'success'),
(6, 'Data', 'Insert Orders', 'Orders creation  Succeeded!', 1, '2022-08-25 22:23:09', 'success'),
(7, 'Data', 'Insert Orders', 'Orders creation  Succeeded!', 1, '2022-08-25 22:24:19', 'success'),
(8, 'Data', 'Insert Orders', 'Orders creation  Succeeded!', 1, '2022-08-25 22:25:53', 'success'),
(9, 'Data', 'Insert Orders', 'Orders creation  Succeeded!', 1, '2022-08-25 22:26:00', 'success'),
(10, 'Data', 'Insert Orders', 'Orders creation  Succeeded!', 1, '2022-08-25 22:26:00', 'success'),
(11, 'Data', 'Insert Orders', 'Orders creation  Succeeded!', 1, '2022-08-25 22:26:07', 'success'),
(12, 'Data', 'Edit orders', 'orders (id: 3) modification  Succeeded!', 1, '2022-08-26 01:49:20', 'success'),
(13, 'Data', 'Edit orders', 'orders (id: 3) modification  Succeeded!', 1, '2022-08-26 01:50:13', 'success'),
(14, 'Data', 'Edit orders', 'orders (id: 3) modification  Succeeded!', 1, '2022-08-26 01:50:30', 'success'),
(15, 'Data', 'Edit orders', 'orders (id: 3) modification  Succeeded!', 1, '2022-08-26 01:51:34', 'success'),
(16, 'Data', 'Edit orders', 'orders (id: 3) modification  Succeeded!', 1, '2022-08-26 01:51:35', 'success'),
(17, 'Data', 'Edit orders', 'orders (id: 2) modification  Succeeded!', 1, '2022-08-26 01:51:36', 'success'),
(18, 'Data', 'Edit orders', 'orders (id: 2) modification  Succeeded!', 1, '2022-08-26 01:51:37', 'success'),
(19, 'Data', 'Edit orders', 'orders (id: 2) modification  Succeeded!', 1, '2022-08-26 01:51:38', 'success'),
(20, 'Data', 'Edit orders', 'orders (id: 2) modification  Succeeded!', 1, '2022-08-26 01:51:38', 'success'),
(21, 'Data', 'Edit orders', 'orders (id: 3) modification  Succeeded!', 1, '2022-08-26 01:52:01', 'success'),
(22, 'Data', 'Edit orders', 'orders (id: 3) modification  Succeeded!', 1, '2022-08-26 01:52:05', 'success'),
(23, 'Data', 'Edit orders', 'orders (id: 3) modification  Succeeded!', 1, '2022-08-26 01:52:44', 'success'),
(24, 'Data', 'Edit orders', 'orders (id: 3) modification  Succeeded!', 1, '2022-08-26 01:52:47', 'success'),
(25, 'Data', 'Edit orders', 'orders (id: 3) modification  Succeeded!', 1, '2022-08-26 01:52:48', 'success'),
(26, 'Data', 'Edit orders', 'orders (id: 3) modification  Succeeded!', 1, '2022-08-26 01:52:49', 'success'),
(27, 'Data', 'Edit orders', 'orders (id: 3) modification  Succeeded!', 1, '2022-08-26 01:52:49', 'success'),
(28, 'Data', 'Edit orders', 'orders (id: 3) modification  Succeeded!', 1, '2022-08-26 01:52:53', 'success'),
(29, 'Data', 'Edit orders', 'orders (id: 3) modification  Succeeded!', 1, '2022-08-26 01:54:14', 'success'),
(30, 'Data', 'Edit orders', 'orders (id: 3) modification  Succeeded!', 1, '2022-08-26 01:54:14', 'success'),
(31, 'Data', 'Edit orders', 'orders (id: 3) modification  Succeeded!', 1, '2022-08-26 01:54:15', 'success'),
(32, 'Data', 'Edit orders', 'orders (id: 3) modification  Succeeded!', 1, '2022-08-26 01:54:18', 'success'),
(33, 'Data', 'Edit orders', 'orders (id: 3) modification  Succeeded!', 1, '2022-08-26 01:54:25', 'success'),
(34, 'Data', 'Edit orders', 'orders (id: 3) modification  Succeeded!', 1, '2022-08-26 01:54:27', 'success'),
(35, 'Data', 'Edit orders', 'orders (id: 3) modification  Succeeded!', 1, '2022-08-26 01:55:41', 'success'),
(36, 'Data', 'Edit orders', 'orders (id: 2) modification  Succeeded!', 1, '2022-08-26 01:55:44', 'success'),
(37, 'Data', 'Edit orders', 'orders (id: 3) modification  Succeeded!', 1, '2022-08-26 01:55:46', 'success'),
(38, 'Data', 'Edit orders', 'orders (id: 2) modification  Succeeded!', 1, '2022-08-26 01:55:46', 'success'),
(39, 'Data', 'Edit orders', 'orders (id: 4) modification  Succeeded!', 1, '2022-08-26 01:55:51', 'success'),
(40, 'Data', 'Edit orders', 'orders (id: 4) modification  Succeeded!', 1, '2022-08-26 01:55:53', 'success'),
(41, 'Data', 'Edit orders', 'orders (id: 4) modification  Succeeded!', 1, '2022-08-26 01:55:57', 'success'),
(42, 'Data', 'Edit orders', 'orders (id: 4) modification  Succeeded!', 1, '2022-08-26 01:55:58', 'success'),
(43, 'Data', 'Edit orders', 'orders (id: 4) modification  Succeeded!', 1, '2022-08-26 01:56:00', 'success'),
(44, 'Data', 'Edit orders', 'orders (id: 4) modification  Succeeded!', 1, '2022-08-26 01:56:00', 'success'),
(45, 'Data', 'Edit orders', 'orders (id: 1) modification  Succeeded!', 1, '2022-08-26 01:57:33', 'success');

-- --------------------------------------------------------

--
-- Table structure for table `ci_sessions`
--

CREATE TABLE `ci_sessions` (
  `id` varchar(128) NOT NULL,
  `ip_address` varchar(45) NOT NULL,
  `timestamp` int(10) UNSIGNED NOT NULL DEFAULT 0,
  `data` blob NOT NULL
) ENGINE=InnoDB DEFAULT CHARSET=utf8;

--
-- Dumping data for table `ci_sessions`
--

INSERT INTO `ci_sessions` (`id`, `ip_address`, `timestamp`, `data`) VALUES
('q8gji9lqo73sc64ndge8rp866s2718e6', '::1', 1660219232, 0x5f5f63695f6c6173745f726567656e65726174657c693a313636303231393233323b6d6573736167657c733a32393a223c703e4c6f6767656420496e205375636365737366756c6c793c2f703e223b5f5f63695f766172737c613a313a7b733a373a226d657373616765223b733a333a226f6c64223b7d6964656e746974797c733a31373a226e303134343239373740756e662e656475223b656d61696c7c733a31373a226e303134343239373740756e662e656475223b757365725f69647c733a313a2231223b6f6c645f6c6173745f6c6f67696e7c733a31303a2231363539383838353330223b6c6173745f636865636b7c693a313635393939363337353b696f6e5f617574685f73657373696f6e5f686173687c733a34303a2236353833643663346632303539393865636163633966353162363861326132653434656130303036223b),
('f11vk11bj3ad7gb6mu6147mba8jrvhrt', '::1', 1660221257, 0x5f5f63695f6c6173745f726567656e65726174657c693a313636303232313235373b6d6573736167657c733a32393a223c703e4c6f6767656420496e205375636365737366756c6c793c2f703e223b5f5f63695f766172737c613a313a7b733a373a226d657373616765223b733a333a226f6c64223b7d6964656e746974797c733a31373a226e303134343239373740756e662e656475223b656d61696c7c733a31373a226e303134343239373740756e662e656475223b757365725f69647c733a313a2231223b6f6c645f6c6173745f6c6f67696e7c733a31303a2231363539383838353330223b6c6173745f636865636b7c693a313635393939363337353b696f6e5f617574685f73657373696f6e5f686173687c733a34303a2236353833643663346632303539393865636163633966353162363861326132653434656130303036223b),
('utfs6maikc22i8j8tkke6o04d354q8na', '::1', 1660221685, 0x5f5f63695f6c6173745f726567656e65726174657c693a313636303232313638353b6d6573736167657c733a32393a223c703e4c6f6767656420496e205375636365737366756c6c793c2f703e223b5f5f63695f766172737c613a313a7b733a373a226d657373616765223b733a333a226f6c64223b7d6964656e746974797c733a31373a226e303134343239373740756e662e656475223b656d61696c7c733a31373a226e303134343239373740756e662e656475223b757365725f69647c733a313a2231223b6f6c645f6c6173745f6c6f67696e7c733a31303a2231363539383838353330223b6c6173745f636865636b7c693a313635393939363337353b696f6e5f617574685f73657373696f6e5f686173687c733a34303a2236353833643663346632303539393865636163633966353162363861326132653434656130303036223b),
('8pb8bj5qua9op0phh2j0f1dhta99hnp0', '::1', 1660222234, 0x5f5f63695f6c6173745f726567656e65726174657c693a313636303232323233343b6d6573736167657c733a32393a223c703e4c6f6767656420496e205375636365737366756c6c793c2f703e223b5f5f63695f766172737c613a313a7b733a373a226d657373616765223b733a333a226f6c64223b7d6964656e746974797c733a31373a226e303134343239373740756e662e656475223b656d61696c7c733a31373a226e303134343239373740756e662e656475223b757365725f69647c733a313a2231223b6f6c645f6c6173745f6c6f67696e7c733a31303a2231363539383838353330223b6c6173745f636865636b7c693a313635393939363337353b696f6e5f617574685f73657373696f6e5f686173687c733a34303a2236353833643663346632303539393865636163633966353162363861326132653434656130303036223b),
('956kd8vg8l32fprecorj1m67or2bje50', '::1', 1660257954, 0x5f5f63695f6c6173745f726567656e65726174657c693a313636303235373935343b6d6573736167657c733a32393a223c703e4c6f6767656420496e205375636365737366756c6c793c2f703e223b5f5f63695f766172737c613a313a7b733a373a226d657373616765223b733a333a226f6c64223b7d6964656e746974797c733a31373a226e303134343239373740756e662e656475223b656d61696c7c733a31373a226e303134343239373740756e662e656475223b757365725f69647c733a313a2231223b6f6c645f6c6173745f6c6f67696e7c733a31303a2231363539383838353330223b6c6173745f636865636b7c693a313635393939363337353b696f6e5f617574685f73657373696f6e5f686173687c733a34303a2236353833643663346632303539393865636163633966353162363861326132653434656130303036223b),
('buhaaaj3bi12be2fjsndreiiolsm3k9n', '::1', 1660258260, 0x5f5f63695f6c6173745f726567656e65726174657c693a313636303235383236303b6d6573736167657c733a32393a223c703e4c6f6767656420496e205375636365737366756c6c793c2f703e223b5f5f63695f766172737c613a313a7b733a373a226d657373616765223b733a333a226f6c64223b7d6964656e746974797c733a31373a226e303134343239373740756e662e656475223b656d61696c7c733a31373a226e303134343239373740756e662e656475223b757365725f69647c733a313a2231223b6f6c645f6c6173745f6c6f67696e7c733a31303a2231363539383838353330223b6c6173745f636865636b7c693a313635393939363337353b696f6e5f617574685f73657373696f6e5f686173687c733a34303a2236353833643663346632303539393865636163633966353162363861326132653434656130303036223b),
('2gubj5uob1ddcnk8tjft9hq46u4578dr', '::1', 1660258605, 0x5f5f63695f6c6173745f726567656e65726174657c693a313636303235383630353b6d6573736167657c733a32393a223c703e4c6f6767656420496e205375636365737366756c6c793c2f703e223b5f5f63695f766172737c613a313a7b733a373a226d657373616765223b733a333a226f6c64223b7d6964656e746974797c733a31373a226e303134343239373740756e662e656475223b656d61696c7c733a31373a226e303134343239373740756e662e656475223b757365725f69647c733a313a2231223b6f6c645f6c6173745f6c6f67696e7c733a31303a2231363539383838353330223b6c6173745f636865636b7c693a313635393939363337353b696f6e5f617574685f73657373696f6e5f686173687c733a34303a2236353833643663346632303539393865636163633966353162363861326132653434656130303036223b),
('8r8532e2rbsa882gt0sv7j60bfl7uv6r', '::1', 1660259743, 0x5f5f63695f6c6173745f726567656e65726174657c693a313636303235393734333b6d6573736167657c733a32393a223c703e4c6f6767656420496e205375636365737366756c6c793c2f703e223b5f5f63695f766172737c613a313a7b733a373a226d657373616765223b733a333a226f6c64223b7d6964656e746974797c733a31373a226e303134343239373740756e662e656475223b656d61696c7c733a31373a226e303134343239373740756e662e656475223b757365725f69647c733a313a2231223b6f6c645f6c6173745f6c6f67696e7c733a31303a2231363539383838353330223b6c6173745f636865636b7c693a313635393939363337353b696f6e5f617574685f73657373696f6e5f686173687c733a34303a2236353833643663346632303539393865636163633966353162363861326132653434656130303036223b),
('itas6n9cb0bk18ms3hcevf62bfhtrbfq', '::1', 1660260676, 0x5f5f63695f6c6173745f726567656e65726174657c693a313636303236303637363b6d6573736167657c733a32393a223c703e4c6f6767656420496e205375636365737366756c6c793c2f703e223b5f5f63695f766172737c613a313a7b733a373a226d657373616765223b733a333a226f6c64223b7d6964656e746974797c733a31373a226e303134343239373740756e662e656475223b656d61696c7c733a31373a226e303134343239373740756e662e656475223b757365725f69647c733a313a2231223b6f6c645f6c6173745f6c6f67696e7c733a31303a2231363539383838353330223b6c6173745f636865636b7c693a313635393939363337353b696f6e5f617574685f73657373696f6e5f686173687c733a34303a2236353833643663346632303539393865636163633966353162363861326132653434656130303036223b),
('nh7iq66qu3gdk2ikfgpft64ae7ou97na', '::1', 1660261045, 0x5f5f63695f6c6173745f726567656e65726174657c693a313636303236313034353b6d6573736167657c733a32393a223c703e4c6f6767656420496e205375636365737366756c6c793c2f703e223b5f5f63695f766172737c613a313a7b733a373a226d657373616765223b733a333a226f6c64223b7d6964656e746974797c733a31373a226e303134343239373740756e662e656475223b656d61696c7c733a31373a226e303134343239373740756e662e656475223b757365725f69647c733a313a2231223b6f6c645f6c6173745f6c6f67696e7c733a31303a2231363539383838353330223b6c6173745f636865636b7c693a313635393939363337353b696f6e5f617574685f73657373696f6e5f686173687c733a34303a2236353833643663346632303539393865636163633966353162363861326132653434656130303036223b),
('2t3mtb4hulhl9nftt1jcrqkis3i3ul27', '::1', 1660262036, 0x5f5f63695f6c6173745f726567656e65726174657c693a313636303236323033363b6d6573736167657c733a32393a223c703e4c6f6767656420496e205375636365737366756c6c793c2f703e223b5f5f63695f766172737c613a313a7b733a373a226d657373616765223b733a333a226f6c64223b7d6964656e746974797c733a31373a226e303134343239373740756e662e656475223b656d61696c7c733a31373a226e303134343239373740756e662e656475223b757365725f69647c733a313a2231223b6f6c645f6c6173745f6c6f67696e7c733a31303a2231363539383838353330223b6c6173745f636865636b7c693a313635393939363337353b696f6e5f617574685f73657373696f6e5f686173687c733a34303a2236353833643663346632303539393865636163633966353162363861326132653434656130303036223b),
('2hlsfq4m2j1ne689hdd0h8pls40v0k3n', '::1', 1660264113, 0x5f5f63695f6c6173745f726567656e65726174657c693a313636303236343131333b6d6573736167657c733a32393a223c703e4c6f6767656420496e205375636365737366756c6c793c2f703e223b5f5f63695f766172737c613a313a7b733a373a226d657373616765223b733a333a226f6c64223b7d6964656e746974797c733a31373a226e303134343239373740756e662e656475223b656d61696c7c733a31373a226e303134343239373740756e662e656475223b757365725f69647c733a313a2231223b6f6c645f6c6173745f6c6f67696e7c733a31303a2231363539383838353330223b6c6173745f636865636b7c693a313635393939363337353b696f6e5f617574685f73657373696f6e5f686173687c733a34303a2236353833643663346632303539393865636163633966353162363861326132653434656130303036223b),
('11rqbej455dcuti57efeb2m5f187v13f', '::1', 1660268835, 0x5f5f63695f6c6173745f726567656e65726174657c693a313636303236383833353b6d6573736167657c733a32393a223c703e4c6f6767656420496e205375636365737366756c6c793c2f703e223b5f5f63695f766172737c613a313a7b733a373a226d657373616765223b733a333a226f6c64223b7d6964656e746974797c733a31373a226e303134343239373740756e662e656475223b656d61696c7c733a31373a226e303134343239373740756e662e656475223b757365725f69647c733a313a2231223b6f6c645f6c6173745f6c6f67696e7c733a31303a2231363539383838353330223b6c6173745f636865636b7c693a313635393939363337353b696f6e5f617574685f73657373696f6e5f686173687c733a34303a2236353833643663346632303539393865636163633966353162363861326132653434656130303036223b),
('9n6qt9m8okq7pa8qt8jl6c7hu6g0i682', '::1', 1660269722, 0x5f5f63695f6c6173745f726567656e65726174657c693a313636303236393732323b6d6573736167657c733a32393a223c703e4c6f6767656420496e205375636365737366756c6c793c2f703e223b5f5f63695f766172737c613a313a7b733a373a226d657373616765223b733a333a226f6c64223b7d6964656e746974797c733a31373a226e303134343239373740756e662e656475223b656d61696c7c733a31373a226e303134343239373740756e662e656475223b757365725f69647c733a313a2231223b6f6c645f6c6173745f6c6f67696e7c733a31303a2231363539383838353330223b6c6173745f636865636b7c693a313635393939363337353b696f6e5f617574685f73657373696f6e5f686173687c733a34303a2236353833643663346632303539393865636163633966353162363861326132653434656130303036223b),
('1u9iidp9obk90ruhc2juh3q71ejntqi6', '::1', 1660270425, 0x5f5f63695f6c6173745f726567656e65726174657c693a313636303237303432353b6d6573736167657c733a32393a223c703e4c6f6767656420496e205375636365737366756c6c793c2f703e223b5f5f63695f766172737c613a313a7b733a373a226d657373616765223b733a333a226f6c64223b7d6964656e746974797c733a31373a226e303134343239373740756e662e656475223b656d61696c7c733a31373a226e303134343239373740756e662e656475223b757365725f69647c733a313a2231223b6f6c645f6c6173745f6c6f67696e7c733a31303a2231363539383838353330223b6c6173745f636865636b7c693a313635393939363337353b696f6e5f617574685f73657373696f6e5f686173687c733a34303a2236353833643663346632303539393865636163633966353162363861326132653434656130303036223b),
('i7fgpekaa9o98rs9a061fhj94g66uog3', '::1', 1660305863, 0x5f5f63695f6c6173745f726567656e65726174657c693a313636303330353836303b6d6573736167657c733a32393a223c703e4c6f6767656420496e205375636365737366756c6c793c2f703e223b5f5f63695f766172737c613a313a7b733a373a226d657373616765223b733a333a226f6c64223b7d6964656e746974797c733a31373a226e303134343239373740756e662e656475223b656d61696c7c733a31373a226e303134343239373740756e662e656475223b757365725f69647c733a313a2231223b6f6c645f6c6173745f6c6f67696e7c733a31303a2231363539383838353330223b6c6173745f636865636b7c693a313635393939363337353b696f6e5f617574685f73657373696f6e5f686173687c733a34303a2236353833643663346632303539393865636163633966353162363861326132653434656130303036223b),
('v72clcod35ds8fjbhqartmrngeshaui9', '::1', 1660306420, 0x5f5f63695f6c6173745f726567656e65726174657c693a313636303330363432303b6d6573736167657c733a32393a223c703e4c6f6767656420496e205375636365737366756c6c793c2f703e223b5f5f63695f766172737c613a313a7b733a373a226d657373616765223b733a333a226f6c64223b7d6964656e746974797c733a31373a226e303134343239373740756e662e656475223b656d61696c7c733a31373a226e303134343239373740756e662e656475223b757365725f69647c733a313a2231223b6f6c645f6c6173745f6c6f67696e7c733a31303a2231363539383838353330223b6c6173745f636865636b7c693a313635393939363337353b696f6e5f617574685f73657373696f6e5f686173687c733a34303a2236353833643663346632303539393865636163633966353162363861326132653434656130303036223b),
('b1faf94d9ru1kvncpkdbtk7sirdol541', '::1', 1660307111, 0x5f5f63695f6c6173745f726567656e65726174657c693a313636303330373131313b6d6573736167657c733a32393a223c703e4c6f6767656420496e205375636365737366756c6c793c2f703e223b5f5f63695f766172737c613a313a7b733a373a226d657373616765223b733a333a226f6c64223b7d6964656e746974797c733a31373a226e303134343239373740756e662e656475223b656d61696c7c733a31373a226e303134343239373740756e662e656475223b757365725f69647c733a313a2231223b6f6c645f6c6173745f6c6f67696e7c733a31303a2231363539383838353330223b6c6173745f636865636b7c693a313635393939363337353b696f6e5f617574685f73657373696f6e5f686173687c733a34303a2236353833643663346632303539393865636163633966353162363861326132653434656130303036223b),
('0atnu2mh3ubla8oquvm4ot6ngqh67rvv', '::1', 1660307414, 0x5f5f63695f6c6173745f726567656e65726174657c693a313636303330373431343b6d6573736167657c733a32393a223c703e4c6f6767656420496e205375636365737366756c6c793c2f703e223b5f5f63695f766172737c613a313a7b733a373a226d657373616765223b733a333a226f6c64223b7d6964656e746974797c733a31373a226e303134343239373740756e662e656475223b656d61696c7c733a31373a226e303134343239373740756e662e656475223b757365725f69647c733a313a2231223b6f6c645f6c6173745f6c6f67696e7c733a31303a2231363539383838353330223b6c6173745f636865636b7c693a313635393939363337353b696f6e5f617574685f73657373696f6e5f686173687c733a34303a2236353833643663346632303539393865636163633966353162363861326132653434656130303036223b),
('v9trmiacknksmn3fqamobq9miolu0ceb', '::1', 1660327226, 0x5f5f63695f6c6173745f726567656e65726174657c693a313636303332373232363b6d6573736167657c733a32393a223c703e4c6f6767656420496e205375636365737366756c6c793c2f703e223b5f5f63695f766172737c613a313a7b733a373a226d657373616765223b733a333a226f6c64223b7d6964656e746974797c733a31373a226e303134343239373740756e662e656475223b656d61696c7c733a31373a226e303134343239373740756e662e656475223b757365725f69647c733a313a2231223b6f6c645f6c6173745f6c6f67696e7c733a31303a2231363539383838353330223b6c6173745f636865636b7c693a313635393939363337353b696f6e5f617574685f73657373696f6e5f686173687c733a34303a2236353833643663346632303539393865636163633966353162363861326132653434656130303036223b),
('mvk4md4snl0b0m7euvfg40ev0b37pcng', '::1', 1660327611, 0x5f5f63695f6c6173745f726567656e65726174657c693a313636303332373631313b6d6573736167657c733a32393a223c703e4c6f6767656420496e205375636365737366756c6c793c2f703e223b5f5f63695f766172737c613a313a7b733a373a226d657373616765223b733a333a226f6c64223b7d6964656e746974797c733a31373a226e303134343239373740756e662e656475223b656d61696c7c733a31373a226e303134343239373740756e662e656475223b757365725f69647c733a313a2231223b6f6c645f6c6173745f6c6f67696e7c733a31303a2231363539383838353330223b6c6173745f636865636b7c693a313635393939363337353b696f6e5f617574685f73657373696f6e5f686173687c733a34303a2236353833643663346632303539393865636163633966353162363861326132653434656130303036223b),
('enijok21u6f08opbgsupuhdcj15qs98m', '::1', 1660327956, 0x5f5f63695f6c6173745f726567656e65726174657c693a313636303332373935363b6d6573736167657c733a32393a223c703e4c6f6767656420496e205375636365737366756c6c793c2f703e223b5f5f63695f766172737c613a313a7b733a373a226d657373616765223b733a333a226f6c64223b7d6964656e746974797c733a31373a226e303134343239373740756e662e656475223b656d61696c7c733a31373a226e303134343239373740756e662e656475223b757365725f69647c733a313a2231223b6f6c645f6c6173745f6c6f67696e7c733a31303a2231363539383838353330223b6c6173745f636865636b7c693a313635393939363337353b696f6e5f617574685f73657373696f6e5f686173687c733a34303a2236353833643663346632303539393865636163633966353162363861326132653434656130303036223b),
('d6mpjhsc46129tn2a86n5klkuf2909oa', '::1', 1660328273, 0x5f5f63695f6c6173745f726567656e65726174657c693a313636303332383237333b6d6573736167657c733a32393a223c703e4c6f6767656420496e205375636365737366756c6c793c2f703e223b5f5f63695f766172737c613a313a7b733a373a226d657373616765223b733a333a226f6c64223b7d6964656e746974797c733a31373a226e303134343239373740756e662e656475223b656d61696c7c733a31373a226e303134343239373740756e662e656475223b757365725f69647c733a313a2231223b6f6c645f6c6173745f6c6f67696e7c733a31303a2231363539383838353330223b6c6173745f636865636b7c693a313635393939363337353b696f6e5f617574685f73657373696f6e5f686173687c733a34303a2236353833643663346632303539393865636163633966353162363861326132653434656130303036223b),
('j99qi0eak30c27ih89uc3nkv012cklv1', '::1', 1660328851, 0x5f5f63695f6c6173745f726567656e65726174657c693a313636303332383835313b6d6573736167657c733a32393a223c703e4c6f6767656420496e205375636365737366756c6c793c2f703e223b5f5f63695f766172737c613a313a7b733a373a226d657373616765223b733a333a226f6c64223b7d6964656e746974797c733a31373a226e303134343239373740756e662e656475223b656d61696c7c733a31373a226e303134343239373740756e662e656475223b757365725f69647c733a313a2231223b6f6c645f6c6173745f6c6f67696e7c733a31303a2231363539383838353330223b6c6173745f636865636b7c693a313635393939363337353b696f6e5f617574685f73657373696f6e5f686173687c733a34303a2236353833643663346632303539393865636163633966353162363861326132653434656130303036223b),
('0a9s3nkoafj07795a0oh035j6f70bj85', '::1', 1660329823, 0x5f5f63695f6c6173745f726567656e65726174657c693a313636303332393832333b6d6573736167657c733a32393a223c703e4c6f6767656420496e205375636365737366756c6c793c2f703e223b5f5f63695f766172737c613a313a7b733a373a226d657373616765223b733a333a226f6c64223b7d6964656e746974797c733a31373a226e303134343239373740756e662e656475223b656d61696c7c733a31373a226e303134343239373740756e662e656475223b757365725f69647c733a313a2231223b6f6c645f6c6173745f6c6f67696e7c733a31303a2231363539383838353330223b6c6173745f636865636b7c693a313635393939363337353b696f6e5f617574685f73657373696f6e5f686173687c733a34303a2236353833643663346632303539393865636163633966353162363861326132653434656130303036223b),
('jar040a8f15dirbr2uej4kd812fnba07', '::1', 1660330152, 0x5f5f63695f6c6173745f726567656e65726174657c693a313636303333303135323b6d6573736167657c733a32393a223c703e4c6f6767656420496e205375636365737366756c6c793c2f703e223b5f5f63695f766172737c613a313a7b733a373a226d657373616765223b733a333a226f6c64223b7d6964656e746974797c733a31373a226e303134343239373740756e662e656475223b656d61696c7c733a31373a226e303134343239373740756e662e656475223b757365725f69647c733a313a2231223b6f6c645f6c6173745f6c6f67696e7c733a31303a2231363539383838353330223b6c6173745f636865636b7c693a313635393939363337353b696f6e5f617574685f73657373696f6e5f686173687c733a34303a2236353833643663346632303539393865636163633966353162363861326132653434656130303036223b),
('mob53gfu42v2ipgsrkj1e5bs9o3vjehd', '::1', 1660330477, 0x5f5f63695f6c6173745f726567656e65726174657c693a313636303333303437373b6d6573736167657c733a32393a223c703e4c6f6767656420496e205375636365737366756c6c793c2f703e223b5f5f63695f766172737c613a313a7b733a373a226d657373616765223b733a333a226f6c64223b7d6964656e746974797c733a31373a226e303134343239373740756e662e656475223b656d61696c7c733a31373a226e303134343239373740756e662e656475223b757365725f69647c733a313a2231223b6f6c645f6c6173745f6c6f67696e7c733a31303a2231363539383838353330223b6c6173745f636865636b7c693a313635393939363337353b696f6e5f617574685f73657373696f6e5f686173687c733a34303a2236353833643663346632303539393865636163633966353162363861326132653434656130303036223b),
('ane6gq1e9cn2oa4l5fa98ljq9j370ct3', '::1', 1660331719, 0x5f5f63695f6c6173745f726567656e65726174657c693a313636303333313731393b6d6573736167657c733a32393a223c703e4c6f6767656420496e205375636365737366756c6c793c2f703e223b5f5f63695f766172737c613a313a7b733a373a226d657373616765223b733a333a226f6c64223b7d6964656e746974797c733a31373a226e303134343239373740756e662e656475223b656d61696c7c733a31373a226e303134343239373740756e662e656475223b757365725f69647c733a313a2231223b6f6c645f6c6173745f6c6f67696e7c733a31303a2231363539383838353330223b6c6173745f636865636b7c693a313635393939363337353b696f6e5f617574685f73657373696f6e5f686173687c733a34303a2236353833643663346632303539393865636163633966353162363861326132653434656130303036223b),
('c8qfn7dhc74vd4dqjcpdc74m3e6ujcq0', '::1', 1660332081, 0x5f5f63695f6c6173745f726567656e65726174657c693a313636303333323038313b6d6573736167657c733a32393a223c703e4c6f6767656420496e205375636365737366756c6c793c2f703e223b5f5f63695f766172737c613a313a7b733a373a226d657373616765223b733a333a226f6c64223b7d6964656e746974797c733a31373a226e303134343239373740756e662e656475223b656d61696c7c733a31373a226e303134343239373740756e662e656475223b757365725f69647c733a313a2231223b6f6c645f6c6173745f6c6f67696e7c733a31303a2231363539383838353330223b6c6173745f636865636b7c693a313635393939363337353b696f6e5f617574685f73657373696f6e5f686173687c733a34303a2236353833643663346632303539393865636163633966353162363861326132653434656130303036223b),
('b7nthn3ir7vph7k32att3i2miho1pm7u', '::1', 1660332383, 0x5f5f63695f6c6173745f726567656e65726174657c693a313636303333323338333b6d6573736167657c733a32393a223c703e4c6f6767656420496e205375636365737366756c6c793c2f703e223b5f5f63695f766172737c613a313a7b733a373a226d657373616765223b733a333a226f6c64223b7d6964656e746974797c733a31373a226e303134343239373740756e662e656475223b656d61696c7c733a31373a226e303134343239373740756e662e656475223b757365725f69647c733a313a2231223b6f6c645f6c6173745f6c6f67696e7c733a31303a2231363539383838353330223b6c6173745f636865636b7c693a313635393939363337353b696f6e5f617574685f73657373696f6e5f686173687c733a34303a2236353833643663346632303539393865636163633966353162363861326132653434656130303036223b),
('idu4tbcmc4vjdpiegbebit86jma0llra', '::1', 1660332936, 0x5f5f63695f6c6173745f726567656e65726174657c693a313636303333323933363b6d6573736167657c733a32393a223c703e4c6f6767656420496e205375636365737366756c6c793c2f703e223b5f5f63695f766172737c613a313a7b733a373a226d657373616765223b733a333a226f6c64223b7d6964656e746974797c733a31373a226e303134343239373740756e662e656475223b656d61696c7c733a31373a226e303134343239373740756e662e656475223b757365725f69647c733a313a2231223b6f6c645f6c6173745f6c6f67696e7c733a31303a2231363539383838353330223b6c6173745f636865636b7c693a313635393939363337353b696f6e5f617574685f73657373696f6e5f686173687c733a34303a2236353833643663346632303539393865636163633966353162363861326132653434656130303036223b),
('vlbi9fhe085r7851jqf0bvnp9niqhb5r', '::1', 1660333244, 0x5f5f63695f6c6173745f726567656e65726174657c693a313636303333333234343b6d6573736167657c733a32393a223c703e4c6f6767656420496e205375636365737366756c6c793c2f703e223b5f5f63695f766172737c613a313a7b733a373a226d657373616765223b733a333a226f6c64223b7d6964656e746974797c733a31373a226e303134343239373740756e662e656475223b656d61696c7c733a31373a226e303134343239373740756e662e656475223b757365725f69647c733a313a2231223b6f6c645f6c6173745f6c6f67696e7c733a31303a2231363539383838353330223b6c6173745f636865636b7c693a313635393939363337353b696f6e5f617574685f73657373696f6e5f686173687c733a34303a2236353833643663346632303539393865636163633966353162363861326132653434656130303036223b),
('a2ausdsb32g015rh3i6nehgmdsdk58rv', '::1', 1660333870, 0x5f5f63695f6c6173745f726567656e65726174657c693a313636303333333837303b6d6573736167657c733a32393a223c703e4c6f6767656420496e205375636365737366756c6c793c2f703e223b5f5f63695f766172737c613a313a7b733a373a226d657373616765223b733a333a226f6c64223b7d6964656e746974797c733a31373a226e303134343239373740756e662e656475223b656d61696c7c733a31373a226e303134343239373740756e662e656475223b757365725f69647c733a313a2231223b6f6c645f6c6173745f6c6f67696e7c733a31303a2231363539383838353330223b6c6173745f636865636b7c693a313635393939363337353b696f6e5f617574685f73657373696f6e5f686173687c733a34303a2236353833643663346632303539393865636163633966353162363861326132653434656130303036223b),
('6kom2qs4am0nhvqbmo47s9uee12lpbe0', '::1', 1660334351, 0x5f5f63695f6c6173745f726567656e65726174657c693a313636303333343335313b6d6573736167657c733a32393a223c703e4c6f6767656420496e205375636365737366756c6c793c2f703e223b5f5f63695f766172737c613a313a7b733a373a226d657373616765223b733a333a226f6c64223b7d6964656e746974797c733a31373a226e303134343239373740756e662e656475223b656d61696c7c733a31373a226e303134343239373740756e662e656475223b757365725f69647c733a313a2231223b6f6c645f6c6173745f6c6f67696e7c733a31303a2231363539383838353330223b6c6173745f636865636b7c693a313635393939363337353b696f6e5f617574685f73657373696f6e5f686173687c733a34303a2236353833643663346632303539393865636163633966353162363861326132653434656130303036223b),
('hek8h3sv3ebakpdlpusb278kqgunvq6e', '::1', 1660334669, 0x5f5f63695f6c6173745f726567656e65726174657c693a313636303333343636393b6d6573736167657c733a32393a223c703e4c6f6767656420496e205375636365737366756c6c793c2f703e223b5f5f63695f766172737c613a313a7b733a373a226d657373616765223b733a333a226f6c64223b7d6964656e746974797c733a31373a226e303134343239373740756e662e656475223b656d61696c7c733a31373a226e303134343239373740756e662e656475223b757365725f69647c733a313a2231223b6f6c645f6c6173745f6c6f67696e7c733a31303a2231363539383838353330223b6c6173745f636865636b7c693a313635393939363337353b696f6e5f617574685f73657373696f6e5f686173687c733a34303a2236353833643663346632303539393865636163633966353162363861326132653434656130303036223b),
('vg43v9j41m13c9o2ehkokeharr9itc52', '::1', 1660348758, 0x5f5f63695f6c6173745f726567656e65726174657c693a313636303334383735383b6d6573736167657c733a32393a223c703e4c6f6767656420496e205375636365737366756c6c793c2f703e223b5f5f63695f766172737c613a313a7b733a373a226d657373616765223b733a333a226f6c64223b7d6964656e746974797c733a31373a226e303134343239373740756e662e656475223b656d61696c7c733a31373a226e303134343239373740756e662e656475223b757365725f69647c733a313a2231223b6f6c645f6c6173745f6c6f67696e7c733a31303a2231363539383838353330223b6c6173745f636865636b7c693a313635393939363337353b696f6e5f617574685f73657373696f6e5f686173687c733a34303a2236353833643663346632303539393865636163633966353162363861326132653434656130303036223b),
('898j2is1mbmuvkfnb8q40eq40jtl4qa3', '::1', 1660349083, 0x5f5f63695f6c6173745f726567656e65726174657c693a313636303334393038333b6d6573736167657c733a32393a223c703e4c6f6767656420496e205375636365737366756c6c793c2f703e223b5f5f63695f766172737c613a313a7b733a373a226d657373616765223b733a333a226f6c64223b7d6964656e746974797c733a31373a226e303134343239373740756e662e656475223b656d61696c7c733a31373a226e303134343239373740756e662e656475223b757365725f69647c733a313a2231223b6f6c645f6c6173745f6c6f67696e7c733a31303a2231363539383838353330223b6c6173745f636865636b7c693a313635393939363337353b696f6e5f617574685f73657373696f6e5f686173687c733a34303a2236353833643663346632303539393865636163633966353162363861326132653434656130303036223b),
('3adlhbkl6kbpo4p158b4afcictj16kqa', '::1', 1660349422, 0x5f5f63695f6c6173745f726567656e65726174657c693a313636303334393432323b6d6573736167657c733a32393a223c703e4c6f6767656420496e205375636365737366756c6c793c2f703e223b5f5f63695f766172737c613a313a7b733a373a226d657373616765223b733a333a226f6c64223b7d6964656e746974797c733a31373a226e303134343239373740756e662e656475223b656d61696c7c733a31373a226e303134343239373740756e662e656475223b757365725f69647c733a313a2231223b6f6c645f6c6173745f6c6f67696e7c733a31303a2231363539383838353330223b6c6173745f636865636b7c693a313635393939363337353b696f6e5f617574685f73657373696f6e5f686173687c733a34303a2236353833643663346632303539393865636163633966353162363861326132653434656130303036223b),
('72gnei1avb4cr869f623dmtrvgi40km5', '::1', 1660349848, 0x5f5f63695f6c6173745f726567656e65726174657c693a313636303334393834383b6d6573736167657c733a32393a223c703e4c6f6767656420496e205375636365737366756c6c793c2f703e223b5f5f63695f766172737c613a313a7b733a373a226d657373616765223b733a333a226f6c64223b7d6964656e746974797c733a31373a226e303134343239373740756e662e656475223b656d61696c7c733a31373a226e303134343239373740756e662e656475223b757365725f69647c733a313a2231223b6f6c645f6c6173745f6c6f67696e7c733a31303a2231363539383838353330223b6c6173745f636865636b7c693a313635393939363337353b696f6e5f617574685f73657373696f6e5f686173687c733a34303a2236353833643663346632303539393865636163633966353162363861326132653434656130303036223b),
('th8gagbqqoduo2sfvv51efmgtnpcogi7', '::1', 1660350220, 0x5f5f63695f6c6173745f726567656e65726174657c693a313636303335303232303b6d6573736167657c733a32393a223c703e4c6f6767656420496e205375636365737366756c6c793c2f703e223b5f5f63695f766172737c613a313a7b733a373a226d657373616765223b733a333a226f6c64223b7d6964656e746974797c733a31373a226e303134343239373740756e662e656475223b656d61696c7c733a31373a226e303134343239373740756e662e656475223b757365725f69647c733a313a2231223b6f6c645f6c6173745f6c6f67696e7c733a31303a2231363539383838353330223b6c6173745f636865636b7c693a313635393939363337353b696f6e5f617574685f73657373696f6e5f686173687c733a34303a2236353833643663346632303539393865636163633966353162363861326132653434656130303036223b),
('fbj4b1s2bb23mtbkes0o4fpr4k90nqi6', '::1', 1660352166, 0x5f5f63695f6c6173745f726567656e65726174657c693a313636303335323136363b6d6573736167657c733a32393a223c703e4c6f6767656420496e205375636365737366756c6c793c2f703e223b5f5f63695f766172737c613a313a7b733a373a226d657373616765223b733a333a226f6c64223b7d6964656e746974797c733a31373a226e303134343239373740756e662e656475223b656d61696c7c733a31373a226e303134343239373740756e662e656475223b757365725f69647c733a313a2231223b6f6c645f6c6173745f6c6f67696e7c733a31303a2231363539383838353330223b6c6173745f636865636b7c693a313635393939363337353b696f6e5f617574685f73657373696f6e5f686173687c733a34303a2236353833643663346632303539393865636163633966353162363861326132653434656130303036223b),
('7bni3sp35k3deero381midkvb0u2a77f', '::1', 1660358306, 0x5f5f63695f6c6173745f726567656e65726174657c693a313636303335383330363b6d6573736167657c733a32393a223c703e4c6f6767656420496e205375636365737366756c6c793c2f703e223b5f5f63695f766172737c613a313a7b733a373a226d657373616765223b733a333a226f6c64223b7d6964656e746974797c733a31373a226e303134343239373740756e662e656475223b656d61696c7c733a31373a226e303134343239373740756e662e656475223b757365725f69647c733a313a2231223b6f6c645f6c6173745f6c6f67696e7c733a31303a2231363539383838353330223b6c6173745f636865636b7c693a313635393939363337353b696f6e5f617574685f73657373696f6e5f686173687c733a34303a2236353833643663346632303539393865636163633966353162363861326132653434656130303036223b),
('nl9v8s8euq39ugkt1abfk2fdp0qh6lc3', '::1', 1660358627, 0x5f5f63695f6c6173745f726567656e65726174657c693a313636303335383632373b6d6573736167657c733a32393a223c703e4c6f6767656420496e205375636365737366756c6c793c2f703e223b5f5f63695f766172737c613a313a7b733a373a226d657373616765223b733a333a226f6c64223b7d6964656e746974797c733a31373a226e303134343239373740756e662e656475223b656d61696c7c733a31373a226e303134343239373740756e662e656475223b757365725f69647c733a313a2231223b6f6c645f6c6173745f6c6f67696e7c733a31303a2231363539383838353330223b6c6173745f636865636b7c693a313635393939363337353b696f6e5f617574685f73657373696f6e5f686173687c733a34303a2236353833643663346632303539393865636163633966353162363861326132653434656130303036223b),
('5ivjr9r3oi35bno1ee21ft046emap85s', '::1', 1660359212, 0x5f5f63695f6c6173745f726567656e65726174657c693a313636303335393231323b6d6573736167657c733a32393a223c703e4c6f6767656420496e205375636365737366756c6c793c2f703e223b5f5f63695f766172737c613a313a7b733a373a226d657373616765223b733a333a226f6c64223b7d6964656e746974797c733a31373a226e303134343239373740756e662e656475223b656d61696c7c733a31373a226e303134343239373740756e662e656475223b757365725f69647c733a313a2231223b6f6c645f6c6173745f6c6f67696e7c733a31303a2231363539383838353330223b6c6173745f636865636b7c693a313635393939363337353b696f6e5f617574685f73657373696f6e5f686173687c733a34303a2236353833643663346632303539393865636163633966353162363861326132653434656130303036223b),
('jqjgtkm14gaerrcg5ot1gv0sllkp5ko2', '::1', 1660359571, 0x5f5f63695f6c6173745f726567656e65726174657c693a313636303335393537313b6d6573736167657c733a32393a223c703e4c6f6767656420496e205375636365737366756c6c793c2f703e223b5f5f63695f766172737c613a313a7b733a373a226d657373616765223b733a333a226f6c64223b7d6964656e746974797c733a31373a226e303134343239373740756e662e656475223b656d61696c7c733a31373a226e303134343239373740756e662e656475223b757365725f69647c733a313a2231223b6f6c645f6c6173745f6c6f67696e7c733a31303a2231363539383838353330223b6c6173745f636865636b7c693a313635393939363337353b696f6e5f617574685f73657373696f6e5f686173687c733a34303a2236353833643663346632303539393865636163633966353162363861326132653434656130303036223b),
('2en9a4osn7r1b8su7s983jgs13kf4d2v', '::1', 1660360415, 0x5f5f63695f6c6173745f726567656e65726174657c693a313636303336303431353b6d6573736167657c733a32393a223c703e4c6f6767656420496e205375636365737366756c6c793c2f703e223b5f5f63695f766172737c613a313a7b733a373a226d657373616765223b733a333a226f6c64223b7d6964656e746974797c733a31373a226e303134343239373740756e662e656475223b656d61696c7c733a31373a226e303134343239373740756e662e656475223b757365725f69647c733a313a2231223b6f6c645f6c6173745f6c6f67696e7c733a31303a2231363539383838353330223b6c6173745f636865636b7c693a313635393939363337353b696f6e5f617574685f73657373696f6e5f686173687c733a34303a2236353833643663346632303539393865636163633966353162363861326132653434656130303036223b),
('uu2bp50p7hpjbepjknbnlrsg9gurmc75', '::1', 1660361329, 0x5f5f63695f6c6173745f726567656e65726174657c693a313636303336313332393b6d6573736167657c733a32393a223c703e4c6f6767656420496e205375636365737366756c6c793c2f703e223b5f5f63695f766172737c613a313a7b733a373a226d657373616765223b733a333a226f6c64223b7d6964656e746974797c733a31373a226e303134343239373740756e662e656475223b656d61696c7c733a31373a226e303134343239373740756e662e656475223b757365725f69647c733a313a2231223b6f6c645f6c6173745f6c6f67696e7c733a31303a2231363539383838353330223b6c6173745f636865636b7c693a313635393939363337353b696f6e5f617574685f73657373696f6e5f686173687c733a34303a2236353833643663346632303539393865636163633966353162363861326132653434656130303036223b),
('71oq55m63h7t70ecgnnpmm7sg545umtk', '::1', 1660400605, 0x5f5f63695f6c6173745f726567656e65726174657c693a313636303430303630323b6d6573736167657c733a32393a223c703e4c6f6767656420496e205375636365737366756c6c793c2f703e223b5f5f63695f766172737c613a313a7b733a373a226d657373616765223b733a333a226f6c64223b7d6964656e746974797c733a31373a226e303134343239373740756e662e656475223b656d61696c7c733a31373a226e303134343239373740756e662e656475223b757365725f69647c733a313a2231223b6f6c645f6c6173745f6c6f67696e7c733a31303a2231363539383838353330223b6c6173745f636865636b7c693a313635393939363337353b696f6e5f617574685f73657373696f6e5f686173687c733a34303a2236353833643663346632303539393865636163633966353162363861326132653434656130303036223b),
('nm08s4ljilmmd1msfi8l32a3v3kjup83', '::1', 1660401852, 0x5f5f63695f6c6173745f726567656e65726174657c693a313636303430313835323b6d6573736167657c733a32393a223c703e4c6f6767656420496e205375636365737366756c6c793c2f703e223b5f5f63695f766172737c613a313a7b733a373a226d657373616765223b733a333a226f6c64223b7d6964656e746974797c733a31373a226e303134343239373740756e662e656475223b656d61696c7c733a31373a226e303134343239373740756e662e656475223b757365725f69647c733a313a2231223b6f6c645f6c6173745f6c6f67696e7c733a31303a2231363539383838353330223b6c6173745f636865636b7c693a313635393939363337353b696f6e5f617574685f73657373696f6e5f686173687c733a34303a2236353833643663346632303539393865636163633966353162363861326132653434656130303036223b),
('b40o7g906svinqbgont1vdrklco4o1in', '::1', 1660402291, 0x5f5f63695f6c6173745f726567656e65726174657c693a313636303430323239313b6d6573736167657c733a32393a223c703e4c6f6767656420496e205375636365737366756c6c793c2f703e223b5f5f63695f766172737c613a313a7b733a373a226d657373616765223b733a333a226f6c64223b7d6964656e746974797c733a31373a226e303134343239373740756e662e656475223b656d61696c7c733a31373a226e303134343239373740756e662e656475223b757365725f69647c733a313a2231223b6f6c645f6c6173745f6c6f67696e7c733a31303a2231363539383838353330223b6c6173745f636865636b7c693a313635393939363337353b696f6e5f617574685f73657373696f6e5f686173687c733a34303a2236353833643663346632303539393865636163633966353162363861326132653434656130303036223b),
('8dqbapfl8curcoa0g1rrv9uhjuc1mcjm', '::1', 1660404435, 0x5f5f63695f6c6173745f726567656e65726174657c693a313636303430343433353b6d6573736167657c733a32393a223c703e4c6f6767656420496e205375636365737366756c6c793c2f703e223b5f5f63695f766172737c613a313a7b733a373a226d657373616765223b733a333a226f6c64223b7d6964656e746974797c733a31373a226e303134343239373740756e662e656475223b656d61696c7c733a31373a226e303134343239373740756e662e656475223b757365725f69647c733a313a2231223b6f6c645f6c6173745f6c6f67696e7c733a31303a2231363539383838353330223b6c6173745f636865636b7c693a313635393939363337353b696f6e5f617574685f73657373696f6e5f686173687c733a34303a2236353833643663346632303539393865636163633966353162363861326132653434656130303036223b),
('o3jdn8g7cv3ltiofmhnagfralhfed30u', '::1', 1660404748, 0x5f5f63695f6c6173745f726567656e65726174657c693a313636303430343734383b6d6573736167657c733a32393a223c703e4c6f6767656420496e205375636365737366756c6c793c2f703e223b5f5f63695f766172737c613a313a7b733a373a226d657373616765223b733a333a226f6c64223b7d6964656e746974797c733a31373a226e303134343239373740756e662e656475223b656d61696c7c733a31373a226e303134343239373740756e662e656475223b757365725f69647c733a313a2231223b6f6c645f6c6173745f6c6f67696e7c733a31303a2231363539383838353330223b6c6173745f636865636b7c693a313635393939363337353b696f6e5f617574685f73657373696f6e5f686173687c733a34303a2236353833643663346632303539393865636163633966353162363861326132653434656130303036223b),
('lcq30kn671fhla9ho1sg9phutn45qgl2', '::1', 1660405051, 0x5f5f63695f6c6173745f726567656e65726174657c693a313636303430353035313b6d6573736167657c733a32393a223c703e4c6f6767656420496e205375636365737366756c6c793c2f703e223b5f5f63695f766172737c613a313a7b733a373a226d657373616765223b733a333a226f6c64223b7d6964656e746974797c733a31373a226e303134343239373740756e662e656475223b656d61696c7c733a31373a226e303134343239373740756e662e656475223b757365725f69647c733a313a2231223b6f6c645f6c6173745f6c6f67696e7c733a31303a2231363539383838353330223b6c6173745f636865636b7c693a313635393939363337353b696f6e5f617574685f73657373696f6e5f686173687c733a34303a2236353833643663346632303539393865636163633966353162363861326132653434656130303036223b),
('ehvhafgd6neu75r86bsboe7d21m5samj', '::1', 1660405390, 0x5f5f63695f6c6173745f726567656e65726174657c693a313636303430353339303b6d6573736167657c733a32393a223c703e4c6f6767656420496e205375636365737366756c6c793c2f703e223b5f5f63695f766172737c613a313a7b733a373a226d657373616765223b733a333a226f6c64223b7d6964656e746974797c733a31373a226e303134343239373740756e662e656475223b656d61696c7c733a31373a226e303134343239373740756e662e656475223b757365725f69647c733a313a2231223b6f6c645f6c6173745f6c6f67696e7c733a31303a2231363539383838353330223b6c6173745f636865636b7c693a313635393939363337353b696f6e5f617574685f73657373696f6e5f686173687c733a34303a2236353833643663346632303539393865636163633966353162363861326132653434656130303036223b),
('r071nr5oc32p55no8f1lq7ch9igfr8u1', '::1', 1660405915, 0x5f5f63695f6c6173745f726567656e65726174657c693a313636303430353931353b6d6573736167657c733a32393a223c703e4c6f6767656420496e205375636365737366756c6c793c2f703e223b5f5f63695f766172737c613a313a7b733a373a226d657373616765223b733a333a226f6c64223b7d6964656e746974797c733a31373a226e303134343239373740756e662e656475223b656d61696c7c733a31373a226e303134343239373740756e662e656475223b757365725f69647c733a313a2231223b6f6c645f6c6173745f6c6f67696e7c733a31303a2231363539383838353330223b6c6173745f636865636b7c693a313635393939363337353b696f6e5f617574685f73657373696f6e5f686173687c733a34303a2236353833643663346632303539393865636163633966353162363861326132653434656130303036223b),
('c7p3fafkg74qrkj38guorsct0sa2cadf', '::1', 1660407985, 0x5f5f63695f6c6173745f726567656e65726174657c693a313636303430373938353b6d6573736167657c733a32393a223c703e4c6f6767656420496e205375636365737366756c6c793c2f703e223b5f5f63695f766172737c613a313a7b733a373a226d657373616765223b733a333a226f6c64223b7d6964656e746974797c733a31373a226e303134343239373740756e662e656475223b656d61696c7c733a31373a226e303134343239373740756e662e656475223b757365725f69647c733a313a2231223b6f6c645f6c6173745f6c6f67696e7c733a31303a2231363539383838353330223b6c6173745f636865636b7c693a313635393939363337353b696f6e5f617574685f73657373696f6e5f686173687c733a34303a2236353833643663346632303539393865636163633966353162363861326132653434656130303036223b),
('aq1teqpodjskqileodi5cttrod5dl7la', '::1', 1660409228, 0x5f5f63695f6c6173745f726567656e65726174657c693a313636303430393232383b6d6573736167657c733a32393a223c703e4c6f6767656420496e205375636365737366756c6c793c2f703e223b5f5f63695f766172737c613a313a7b733a373a226d657373616765223b733a333a226f6c64223b7d6964656e746974797c733a31373a226e303134343239373740756e662e656475223b656d61696c7c733a31373a226e303134343239373740756e662e656475223b757365725f69647c733a313a2231223b6f6c645f6c6173745f6c6f67696e7c733a31303a2231363539383838353330223b6c6173745f636865636b7c693a313635393939363337353b696f6e5f617574685f73657373696f6e5f686173687c733a34303a2236353833643663346632303539393865636163633966353162363861326132653434656130303036223b),
('vl0uk285u72hk1engipc0n5rd3bvrgri', '::1', 1660409613, 0x5f5f63695f6c6173745f726567656e65726174657c693a313636303430393631333b6d6573736167657c733a32393a223c703e4c6f6767656420496e205375636365737366756c6c793c2f703e223b5f5f63695f766172737c613a313a7b733a373a226d657373616765223b733a333a226f6c64223b7d6964656e746974797c733a31373a226e303134343239373740756e662e656475223b656d61696c7c733a31373a226e303134343239373740756e662e656475223b757365725f69647c733a313a2231223b6f6c645f6c6173745f6c6f67696e7c733a31303a2231363539383838353330223b6c6173745f636865636b7c693a313635393939363337353b696f6e5f617574685f73657373696f6e5f686173687c733a34303a2236353833643663346632303539393865636163633966353162363861326132653434656130303036223b),
('m4a3c93m6khq1t3g47qmmotenmdbql12', '::1', 1660410038, 0x5f5f63695f6c6173745f726567656e65726174657c693a313636303431303033383b6d6573736167657c733a32393a223c703e4c6f6767656420496e205375636365737366756c6c793c2f703e223b5f5f63695f766172737c613a313a7b733a373a226d657373616765223b733a333a226f6c64223b7d6964656e746974797c733a31373a226e303134343239373740756e662e656475223b656d61696c7c733a31373a226e303134343239373740756e662e656475223b757365725f69647c733a313a2231223b6f6c645f6c6173745f6c6f67696e7c733a31303a2231363539383838353330223b6c6173745f636865636b7c693a313635393939363337353b696f6e5f617574685f73657373696f6e5f686173687c733a34303a2236353833643663346632303539393865636163633966353162363861326132653434656130303036223b),
('h5vtib7iljbiveo3310h8gm4j8g4cckm', '::1', 1660410942, 0x5f5f63695f6c6173745f726567656e65726174657c693a313636303431303934323b6d6573736167657c733a32393a223c703e4c6f6767656420496e205375636365737366756c6c793c2f703e223b5f5f63695f766172737c613a313a7b733a373a226d657373616765223b733a333a226f6c64223b7d6964656e746974797c733a31373a226e303134343239373740756e662e656475223b656d61696c7c733a31373a226e303134343239373740756e662e656475223b757365725f69647c733a313a2231223b6f6c645f6c6173745f6c6f67696e7c733a31303a2231363539383838353330223b6c6173745f636865636b7c693a313635393939363337353b696f6e5f617574685f73657373696f6e5f686173687c733a34303a2236353833643663346632303539393865636163633966353162363861326132653434656130303036223b),
('7hu8i8k3ja0pj51ja35b13iekq36ku8o', '::1', 1660411523, 0x5f5f63695f6c6173745f726567656e65726174657c693a313636303431313532333b6d6573736167657c733a32393a223c703e4c6f6767656420496e205375636365737366756c6c793c2f703e223b5f5f63695f766172737c613a313a7b733a373a226d657373616765223b733a333a226f6c64223b7d6964656e746974797c733a31373a226e303134343239373740756e662e656475223b656d61696c7c733a31373a226e303134343239373740756e662e656475223b757365725f69647c733a313a2231223b6f6c645f6c6173745f6c6f67696e7c733a31303a2231363539383838353330223b6c6173745f636865636b7c693a313635393939363337353b696f6e5f617574685f73657373696f6e5f686173687c733a34303a2236353833643663346632303539393865636163633966353162363861326132653434656130303036223b),
('viiv95t1dvlanaqllat65veecp0o3573', '::1', 1660412258, 0x5f5f63695f6c6173745f726567656e65726174657c693a313636303431323235383b6d6573736167657c733a32393a223c703e4c6f6767656420496e205375636365737366756c6c793c2f703e223b5f5f63695f766172737c613a313a7b733a373a226d657373616765223b733a333a226f6c64223b7d6964656e746974797c733a31373a226e303134343239373740756e662e656475223b656d61696c7c733a31373a226e303134343239373740756e662e656475223b757365725f69647c733a313a2231223b6f6c645f6c6173745f6c6f67696e7c733a31303a2231363539383838353330223b6c6173745f636865636b7c693a313635393939363337353b696f6e5f617574685f73657373696f6e5f686173687c733a34303a2236353833643663346632303539393865636163633966353162363861326132653434656130303036223b),
('n4v5l8b654pfi3h4qb02oifad5e5qed5', '::1', 1660413021, 0x5f5f63695f6c6173745f726567656e65726174657c693a313636303431333032313b6d6573736167657c733a32393a223c703e4c6f6767656420496e205375636365737366756c6c793c2f703e223b5f5f63695f766172737c613a313a7b733a373a226d657373616765223b733a333a226f6c64223b7d6964656e746974797c733a31373a226e303134343239373740756e662e656475223b656d61696c7c733a31373a226e303134343239373740756e662e656475223b757365725f69647c733a313a2231223b6f6c645f6c6173745f6c6f67696e7c733a31303a2231363539383838353330223b6c6173745f636865636b7c693a313635393939363337353b696f6e5f617574685f73657373696f6e5f686173687c733a34303a2236353833643663346632303539393865636163633966353162363861326132653434656130303036223b),
('1daioe28eetlpq6pk9ji6jrd2t0g0sb8', '::1', 1660413469, 0x5f5f63695f6c6173745f726567656e65726174657c693a313636303431333436393b6d6573736167657c733a32393a223c703e4c6f6767656420496e205375636365737366756c6c793c2f703e223b5f5f63695f766172737c613a313a7b733a373a226d657373616765223b733a333a226f6c64223b7d6964656e746974797c733a31373a226e303134343239373740756e662e656475223b656d61696c7c733a31373a226e303134343239373740756e662e656475223b757365725f69647c733a313a2231223b6f6c645f6c6173745f6c6f67696e7c733a31303a2231363539383838353330223b6c6173745f636865636b7c693a313635393939363337353b696f6e5f617574685f73657373696f6e5f686173687c733a34303a2236353833643663346632303539393865636163633966353162363861326132653434656130303036223b),
('1b77bnp258rjreqifl3q54iovd7esi4u', '::1', 1660413797, 0x5f5f63695f6c6173745f726567656e65726174657c693a313636303431333739373b6d6573736167657c733a32393a223c703e4c6f6767656420496e205375636365737366756c6c793c2f703e223b5f5f63695f766172737c613a313a7b733a373a226d657373616765223b733a333a226f6c64223b7d6964656e746974797c733a31373a226e303134343239373740756e662e656475223b656d61696c7c733a31373a226e303134343239373740756e662e656475223b757365725f69647c733a313a2231223b6f6c645f6c6173745f6c6f67696e7c733a31303a2231363539383838353330223b6c6173745f636865636b7c693a313635393939363337353b696f6e5f617574685f73657373696f6e5f686173687c733a34303a2236353833643663346632303539393865636163633966353162363861326132653434656130303036223b),
('osug0psfrb0e1fk0sv39hkno7aqo5qu0', '::1', 1660414352, 0x5f5f63695f6c6173745f726567656e65726174657c693a313636303431343335323b6d6573736167657c733a32393a223c703e4c6f6767656420496e205375636365737366756c6c793c2f703e223b5f5f63695f766172737c613a313a7b733a373a226d657373616765223b733a333a226f6c64223b7d6964656e746974797c733a31373a226e303134343239373740756e662e656475223b656d61696c7c733a31373a226e303134343239373740756e662e656475223b757365725f69647c733a313a2231223b6f6c645f6c6173745f6c6f67696e7c733a31303a2231363539383838353330223b6c6173745f636865636b7c693a313635393939363337353b696f6e5f617574685f73657373696f6e5f686173687c733a34303a2236353833643663346632303539393865636163633966353162363861326132653434656130303036223b),
('spgfgseob7vmqgdf1ndu1bk75k8le9kc', '::1', 1660414395, 0x5f5f63695f6c6173745f726567656e65726174657c693a313636303431343339353b6d6573736167657c733a32323a223c703e496e636f7272656374204c6f67696e3c2f703e223b5f5f63695f766172737c613a313a7b733a373a226d657373616765223b733a333a226f6c64223b7d6964656e746974797c733a31373a226e303134343239373740756e662e656475223b656d61696c7c733a31373a226e303134343239373740756e662e656475223b757365725f69647c733a313a2231223b6f6c645f6c6173745f6c6f67696e7c733a31303a2231363539393936333735223b6c6173745f636865636b7c693a313636303431343339353b696f6e5f617574685f73657373696f6e5f686173687c733a34303a2236353833643663346632303539393865636163633966353162363861326132653434656130303036223b),
('tunohge118m7clg2ubm5ac83h9dqg1mp', '::1', 1660414699, 0x5f5f63695f6c6173745f726567656e65726174657c693a313636303431343639393b6d6573736167657c733a32393a223c703e4c6f6767656420496e205375636365737366756c6c793c2f703e223b5f5f63695f766172737c613a313a7b733a373a226d657373616765223b733a333a226f6c64223b7d6964656e746974797c733a31373a226e303134343239373740756e662e656475223b656d61696c7c733a31373a226e303134343239373740756e662e656475223b757365725f69647c733a313a2231223b6f6c645f6c6173745f6c6f67696e7c733a31303a2231363539393936333735223b6c6173745f636865636b7c693a313636303431343339353b696f6e5f617574685f73657373696f6e5f686173687c733a34303a2236353833643663346632303539393865636163633966353162363861326132653434656130303036223b),
('dek8s01ot006ouqbesjnskgjcujpse0j', '::1', 1660415117, 0x5f5f63695f6c6173745f726567656e65726174657c693a313636303431353131373b6d6573736167657c733a32393a223c703e4c6f6767656420496e205375636365737366756c6c793c2f703e223b5f5f63695f766172737c613a313a7b733a373a226d657373616765223b733a333a226f6c64223b7d6964656e746974797c733a31373a226e303134343239373740756e662e656475223b656d61696c7c733a31373a226e303134343239373740756e662e656475223b757365725f69647c733a313a2231223b6f6c645f6c6173745f6c6f67696e7c733a31303a2231363539393936333735223b6c6173745f636865636b7c693a313636303431343339353b696f6e5f617574685f73657373696f6e5f686173687c733a34303a2236353833643663346632303539393865636163633966353162363861326132653434656130303036223b),
('etmfailo0jnjp7mfbarn4bnbj1lu4rsu', '::1', 1660415557, 0x5f5f63695f6c6173745f726567656e65726174657c693a313636303431353535373b6d6573736167657c733a32393a223c703e4c6f6767656420496e205375636365737366756c6c793c2f703e223b5f5f63695f766172737c613a313a7b733a373a226d657373616765223b733a333a226f6c64223b7d6964656e746974797c733a31373a226e303134343239373740756e662e656475223b656d61696c7c733a31373a226e303134343239373740756e662e656475223b757365725f69647c733a313a2231223b6f6c645f6c6173745f6c6f67696e7c733a31303a2231363539393936333735223b6c6173745f636865636b7c693a313636303431343339353b696f6e5f617574685f73657373696f6e5f686173687c733a34303a2236353833643663346632303539393865636163633966353162363861326132653434656130303036223b);
INSERT INTO `ci_sessions` (`id`, `ip_address`, `timestamp`, `data`) VALUES
('t9gscjd6h22jrm5q9q73bni7ur50nero', '::1', 1660415323, 0x5f5f63695f6c6173745f726567656e65726174657c693a313636303431353331373b6d6573736167657c733a32323a223c703e496e636f7272656374204c6f67696e3c2f703e223b5f5f63695f766172737c613a313a7b733a373a226d657373616765223b733a333a226e6577223b7d),
('pmi721c4tn3nq94rqc8slsdju0u0912h', '::1', 1660415421, 0x5f5f63695f6c6173745f726567656e65726174657c693a313636303431353431333b6d6573736167657c733a32323a223c703e496e636f7272656374204c6f67696e3c2f703e223b5f5f63695f766172737c613a313a7b733a373a226d657373616765223b733a333a226e6577223b7d),
('76ro13jfmob4mujefnsb359u30d3vdq8', '::1', 1660415860, 0x5f5f63695f6c6173745f726567656e65726174657c693a313636303431353836303b6d6573736167657c733a32393a223c703e4c6f6767656420496e205375636365737366756c6c793c2f703e223b5f5f63695f766172737c613a313a7b733a373a226d657373616765223b733a333a226f6c64223b7d6964656e746974797c733a31373a226e303134343239373740756e662e656475223b656d61696c7c733a31373a226e303134343239373740756e662e656475223b757365725f69647c733a313a2231223b6f6c645f6c6173745f6c6f67696e7c733a31303a2231363539393936333735223b6c6173745f636865636b7c693a313636303431343339353b696f6e5f617574685f73657373696f6e5f686173687c733a34303a2236353833643663346632303539393865636163633966353162363861326132653434656130303036223b),
('sq2h7rhbeju4qi28d9li8sv4cgh0ln44', '::1', 1660425853, 0x5f5f63695f6c6173745f726567656e65726174657c693a313636303432353835333b6d6573736167657c733a32393a223c703e4c6f6767656420496e205375636365737366756c6c793c2f703e223b5f5f63695f766172737c613a313a7b733a373a226d657373616765223b733a333a226f6c64223b7d6964656e746974797c733a31373a226e303134343239373740756e662e656475223b656d61696c7c733a31373a226e303134343239373740756e662e656475223b757365725f69647c733a313a2231223b6f6c645f6c6173745f6c6f67696e7c733a31303a2231363539393936333735223b6c6173745f636865636b7c693a313636303431343339353b696f6e5f617574685f73657373696f6e5f686173687c733a34303a2236353833643663346632303539393865636163633966353162363861326132653434656130303036223b),
('heg7n5crclsdbn11hprhch68l6epipm1', '::1', 1660425881, 0x5f5f63695f6c6173745f726567656e65726174657c693a313636303432353835333b6d6573736167657c733a32393a223c703e4c6f6767656420496e205375636365737366756c6c793c2f703e223b5f5f63695f766172737c613a313a7b733a373a226d657373616765223b733a333a226f6c64223b7d6964656e746974797c733a31373a226e303134343239373740756e662e656475223b656d61696c7c733a31373a226e303134343239373740756e662e656475223b757365725f69647c733a313a2231223b6f6c645f6c6173745f6c6f67696e7c733a31303a2231363539393936333735223b6c6173745f636865636b7c693a313636303431343339353b696f6e5f617574685f73657373696f6e5f686173687c733a34303a2236353833643663346632303539393865636163633966353162363861326132653434656130303036223b),
('3iepliiuta82j3outd9d3se5l8r9m9qh', '::1', 1660425936, 0x5f5f63695f6c6173745f726567656e65726174657c693a313636303432353933303b6d6573736167657c733a32323a223c703e496e636f7272656374204c6f67696e3c2f703e223b5f5f63695f766172737c613a313a7b733a373a226d657373616765223b733a333a226e6577223b7d),
('q8gji9lqo73sc64ndge8rp866s2718e6', '::1', 1660219232, 0x5f5f63695f6c6173745f726567656e65726174657c693a313636303231393233323b6d6573736167657c733a32393a223c703e4c6f6767656420496e205375636365737366756c6c793c2f703e223b5f5f63695f766172737c613a313a7b733a373a226d657373616765223b733a333a226f6c64223b7d6964656e746974797c733a31373a226e303134343239373740756e662e656475223b656d61696c7c733a31373a226e303134343239373740756e662e656475223b757365725f69647c733a313a2231223b6f6c645f6c6173745f6c6f67696e7c733a31303a2231363539383838353330223b6c6173745f636865636b7c693a313635393939363337353b696f6e5f617574685f73657373696f6e5f686173687c733a34303a2236353833643663346632303539393865636163633966353162363861326132653434656130303036223b),
('f11vk11bj3ad7gb6mu6147mba8jrvhrt', '::1', 1660221257, 0x5f5f63695f6c6173745f726567656e65726174657c693a313636303232313235373b6d6573736167657c733a32393a223c703e4c6f6767656420496e205375636365737366756c6c793c2f703e223b5f5f63695f766172737c613a313a7b733a373a226d657373616765223b733a333a226f6c64223b7d6964656e746974797c733a31373a226e303134343239373740756e662e656475223b656d61696c7c733a31373a226e303134343239373740756e662e656475223b757365725f69647c733a313a2231223b6f6c645f6c6173745f6c6f67696e7c733a31303a2231363539383838353330223b6c6173745f636865636b7c693a313635393939363337353b696f6e5f617574685f73657373696f6e5f686173687c733a34303a2236353833643663346632303539393865636163633966353162363861326132653434656130303036223b),
('utfs6maikc22i8j8tkke6o04d354q8na', '::1', 1660221685, 0x5f5f63695f6c6173745f726567656e65726174657c693a313636303232313638353b6d6573736167657c733a32393a223c703e4c6f6767656420496e205375636365737366756c6c793c2f703e223b5f5f63695f766172737c613a313a7b733a373a226d657373616765223b733a333a226f6c64223b7d6964656e746974797c733a31373a226e303134343239373740756e662e656475223b656d61696c7c733a31373a226e303134343239373740756e662e656475223b757365725f69647c733a313a2231223b6f6c645f6c6173745f6c6f67696e7c733a31303a2231363539383838353330223b6c6173745f636865636b7c693a313635393939363337353b696f6e5f617574685f73657373696f6e5f686173687c733a34303a2236353833643663346632303539393865636163633966353162363861326132653434656130303036223b),
('8pb8bj5qua9op0phh2j0f1dhta99hnp0', '::1', 1660222234, 0x5f5f63695f6c6173745f726567656e65726174657c693a313636303232323233343b6d6573736167657c733a32393a223c703e4c6f6767656420496e205375636365737366756c6c793c2f703e223b5f5f63695f766172737c613a313a7b733a373a226d657373616765223b733a333a226f6c64223b7d6964656e746974797c733a31373a226e303134343239373740756e662e656475223b656d61696c7c733a31373a226e303134343239373740756e662e656475223b757365725f69647c733a313a2231223b6f6c645f6c6173745f6c6f67696e7c733a31303a2231363539383838353330223b6c6173745f636865636b7c693a313635393939363337353b696f6e5f617574685f73657373696f6e5f686173687c733a34303a2236353833643663346632303539393865636163633966353162363861326132653434656130303036223b),
('956kd8vg8l32fprecorj1m67or2bje50', '::1', 1660257954, 0x5f5f63695f6c6173745f726567656e65726174657c693a313636303235373935343b6d6573736167657c733a32393a223c703e4c6f6767656420496e205375636365737366756c6c793c2f703e223b5f5f63695f766172737c613a313a7b733a373a226d657373616765223b733a333a226f6c64223b7d6964656e746974797c733a31373a226e303134343239373740756e662e656475223b656d61696c7c733a31373a226e303134343239373740756e662e656475223b757365725f69647c733a313a2231223b6f6c645f6c6173745f6c6f67696e7c733a31303a2231363539383838353330223b6c6173745f636865636b7c693a313635393939363337353b696f6e5f617574685f73657373696f6e5f686173687c733a34303a2236353833643663346632303539393865636163633966353162363861326132653434656130303036223b),
('buhaaaj3bi12be2fjsndreiiolsm3k9n', '::1', 1660258260, 0x5f5f63695f6c6173745f726567656e65726174657c693a313636303235383236303b6d6573736167657c733a32393a223c703e4c6f6767656420496e205375636365737366756c6c793c2f703e223b5f5f63695f766172737c613a313a7b733a373a226d657373616765223b733a333a226f6c64223b7d6964656e746974797c733a31373a226e303134343239373740756e662e656475223b656d61696c7c733a31373a226e303134343239373740756e662e656475223b757365725f69647c733a313a2231223b6f6c645f6c6173745f6c6f67696e7c733a31303a2231363539383838353330223b6c6173745f636865636b7c693a313635393939363337353b696f6e5f617574685f73657373696f6e5f686173687c733a34303a2236353833643663346632303539393865636163633966353162363861326132653434656130303036223b),
('2gubj5uob1ddcnk8tjft9hq46u4578dr', '::1', 1660258605, 0x5f5f63695f6c6173745f726567656e65726174657c693a313636303235383630353b6d6573736167657c733a32393a223c703e4c6f6767656420496e205375636365737366756c6c793c2f703e223b5f5f63695f766172737c613a313a7b733a373a226d657373616765223b733a333a226f6c64223b7d6964656e746974797c733a31373a226e303134343239373740756e662e656475223b656d61696c7c733a31373a226e303134343239373740756e662e656475223b757365725f69647c733a313a2231223b6f6c645f6c6173745f6c6f67696e7c733a31303a2231363539383838353330223b6c6173745f636865636b7c693a313635393939363337353b696f6e5f617574685f73657373696f6e5f686173687c733a34303a2236353833643663346632303539393865636163633966353162363861326132653434656130303036223b),
('8r8532e2rbsa882gt0sv7j60bfl7uv6r', '::1', 1660259743, 0x5f5f63695f6c6173745f726567656e65726174657c693a313636303235393734333b6d6573736167657c733a32393a223c703e4c6f6767656420496e205375636365737366756c6c793c2f703e223b5f5f63695f766172737c613a313a7b733a373a226d657373616765223b733a333a226f6c64223b7d6964656e746974797c733a31373a226e303134343239373740756e662e656475223b656d61696c7c733a31373a226e303134343239373740756e662e656475223b757365725f69647c733a313a2231223b6f6c645f6c6173745f6c6f67696e7c733a31303a2231363539383838353330223b6c6173745f636865636b7c693a313635393939363337353b696f6e5f617574685f73657373696f6e5f686173687c733a34303a2236353833643663346632303539393865636163633966353162363861326132653434656130303036223b),
('itas6n9cb0bk18ms3hcevf62bfhtrbfq', '::1', 1660260676, 0x5f5f63695f6c6173745f726567656e65726174657c693a313636303236303637363b6d6573736167657c733a32393a223c703e4c6f6767656420496e205375636365737366756c6c793c2f703e223b5f5f63695f766172737c613a313a7b733a373a226d657373616765223b733a333a226f6c64223b7d6964656e746974797c733a31373a226e303134343239373740756e662e656475223b656d61696c7c733a31373a226e303134343239373740756e662e656475223b757365725f69647c733a313a2231223b6f6c645f6c6173745f6c6f67696e7c733a31303a2231363539383838353330223b6c6173745f636865636b7c693a313635393939363337353b696f6e5f617574685f73657373696f6e5f686173687c733a34303a2236353833643663346632303539393865636163633966353162363861326132653434656130303036223b),
('nh7iq66qu3gdk2ikfgpft64ae7ou97na', '::1', 1660261045, 0x5f5f63695f6c6173745f726567656e65726174657c693a313636303236313034353b6d6573736167657c733a32393a223c703e4c6f6767656420496e205375636365737366756c6c793c2f703e223b5f5f63695f766172737c613a313a7b733a373a226d657373616765223b733a333a226f6c64223b7d6964656e746974797c733a31373a226e303134343239373740756e662e656475223b656d61696c7c733a31373a226e303134343239373740756e662e656475223b757365725f69647c733a313a2231223b6f6c645f6c6173745f6c6f67696e7c733a31303a2231363539383838353330223b6c6173745f636865636b7c693a313635393939363337353b696f6e5f617574685f73657373696f6e5f686173687c733a34303a2236353833643663346632303539393865636163633966353162363861326132653434656130303036223b),
('2t3mtb4hulhl9nftt1jcrqkis3i3ul27', '::1', 1660262036, 0x5f5f63695f6c6173745f726567656e65726174657c693a313636303236323033363b6d6573736167657c733a32393a223c703e4c6f6767656420496e205375636365737366756c6c793c2f703e223b5f5f63695f766172737c613a313a7b733a373a226d657373616765223b733a333a226f6c64223b7d6964656e746974797c733a31373a226e303134343239373740756e662e656475223b656d61696c7c733a31373a226e303134343239373740756e662e656475223b757365725f69647c733a313a2231223b6f6c645f6c6173745f6c6f67696e7c733a31303a2231363539383838353330223b6c6173745f636865636b7c693a313635393939363337353b696f6e5f617574685f73657373696f6e5f686173687c733a34303a2236353833643663346632303539393865636163633966353162363861326132653434656130303036223b),
('2hlsfq4m2j1ne689hdd0h8pls40v0k3n', '::1', 1660264113, 0x5f5f63695f6c6173745f726567656e65726174657c693a313636303236343131333b6d6573736167657c733a32393a223c703e4c6f6767656420496e205375636365737366756c6c793c2f703e223b5f5f63695f766172737c613a313a7b733a373a226d657373616765223b733a333a226f6c64223b7d6964656e746974797c733a31373a226e303134343239373740756e662e656475223b656d61696c7c733a31373a226e303134343239373740756e662e656475223b757365725f69647c733a313a2231223b6f6c645f6c6173745f6c6f67696e7c733a31303a2231363539383838353330223b6c6173745f636865636b7c693a313635393939363337353b696f6e5f617574685f73657373696f6e5f686173687c733a34303a2236353833643663346632303539393865636163633966353162363861326132653434656130303036223b),
('11rqbej455dcuti57efeb2m5f187v13f', '::1', 1660268835, 0x5f5f63695f6c6173745f726567656e65726174657c693a313636303236383833353b6d6573736167657c733a32393a223c703e4c6f6767656420496e205375636365737366756c6c793c2f703e223b5f5f63695f766172737c613a313a7b733a373a226d657373616765223b733a333a226f6c64223b7d6964656e746974797c733a31373a226e303134343239373740756e662e656475223b656d61696c7c733a31373a226e303134343239373740756e662e656475223b757365725f69647c733a313a2231223b6f6c645f6c6173745f6c6f67696e7c733a31303a2231363539383838353330223b6c6173745f636865636b7c693a313635393939363337353b696f6e5f617574685f73657373696f6e5f686173687c733a34303a2236353833643663346632303539393865636163633966353162363861326132653434656130303036223b),
('9n6qt9m8okq7pa8qt8jl6c7hu6g0i682', '::1', 1660269722, 0x5f5f63695f6c6173745f726567656e65726174657c693a313636303236393732323b6d6573736167657c733a32393a223c703e4c6f6767656420496e205375636365737366756c6c793c2f703e223b5f5f63695f766172737c613a313a7b733a373a226d657373616765223b733a333a226f6c64223b7d6964656e746974797c733a31373a226e303134343239373740756e662e656475223b656d61696c7c733a31373a226e303134343239373740756e662e656475223b757365725f69647c733a313a2231223b6f6c645f6c6173745f6c6f67696e7c733a31303a2231363539383838353330223b6c6173745f636865636b7c693a313635393939363337353b696f6e5f617574685f73657373696f6e5f686173687c733a34303a2236353833643663346632303539393865636163633966353162363861326132653434656130303036223b),
('1u9iidp9obk90ruhc2juh3q71ejntqi6', '::1', 1660270425, 0x5f5f63695f6c6173745f726567656e65726174657c693a313636303237303432353b6d6573736167657c733a32393a223c703e4c6f6767656420496e205375636365737366756c6c793c2f703e223b5f5f63695f766172737c613a313a7b733a373a226d657373616765223b733a333a226f6c64223b7d6964656e746974797c733a31373a226e303134343239373740756e662e656475223b656d61696c7c733a31373a226e303134343239373740756e662e656475223b757365725f69647c733a313a2231223b6f6c645f6c6173745f6c6f67696e7c733a31303a2231363539383838353330223b6c6173745f636865636b7c693a313635393939363337353b696f6e5f617574685f73657373696f6e5f686173687c733a34303a2236353833643663346632303539393865636163633966353162363861326132653434656130303036223b),
('i7fgpekaa9o98rs9a061fhj94g66uog3', '::1', 1660305863, 0x5f5f63695f6c6173745f726567656e65726174657c693a313636303330353836303b6d6573736167657c733a32393a223c703e4c6f6767656420496e205375636365737366756c6c793c2f703e223b5f5f63695f766172737c613a313a7b733a373a226d657373616765223b733a333a226f6c64223b7d6964656e746974797c733a31373a226e303134343239373740756e662e656475223b656d61696c7c733a31373a226e303134343239373740756e662e656475223b757365725f69647c733a313a2231223b6f6c645f6c6173745f6c6f67696e7c733a31303a2231363539383838353330223b6c6173745f636865636b7c693a313635393939363337353b696f6e5f617574685f73657373696f6e5f686173687c733a34303a2236353833643663346632303539393865636163633966353162363861326132653434656130303036223b),
('v72clcod35ds8fjbhqartmrngeshaui9', '::1', 1660306420, 0x5f5f63695f6c6173745f726567656e65726174657c693a313636303330363432303b6d6573736167657c733a32393a223c703e4c6f6767656420496e205375636365737366756c6c793c2f703e223b5f5f63695f766172737c613a313a7b733a373a226d657373616765223b733a333a226f6c64223b7d6964656e746974797c733a31373a226e303134343239373740756e662e656475223b656d61696c7c733a31373a226e303134343239373740756e662e656475223b757365725f69647c733a313a2231223b6f6c645f6c6173745f6c6f67696e7c733a31303a2231363539383838353330223b6c6173745f636865636b7c693a313635393939363337353b696f6e5f617574685f73657373696f6e5f686173687c733a34303a2236353833643663346632303539393865636163633966353162363861326132653434656130303036223b),
('b1faf94d9ru1kvncpkdbtk7sirdol541', '::1', 1660307111, 0x5f5f63695f6c6173745f726567656e65726174657c693a313636303330373131313b6d6573736167657c733a32393a223c703e4c6f6767656420496e205375636365737366756c6c793c2f703e223b5f5f63695f766172737c613a313a7b733a373a226d657373616765223b733a333a226f6c64223b7d6964656e746974797c733a31373a226e303134343239373740756e662e656475223b656d61696c7c733a31373a226e303134343239373740756e662e656475223b757365725f69647c733a313a2231223b6f6c645f6c6173745f6c6f67696e7c733a31303a2231363539383838353330223b6c6173745f636865636b7c693a313635393939363337353b696f6e5f617574685f73657373696f6e5f686173687c733a34303a2236353833643663346632303539393865636163633966353162363861326132653434656130303036223b),
('0atnu2mh3ubla8oquvm4ot6ngqh67rvv', '::1', 1660307414, 0x5f5f63695f6c6173745f726567656e65726174657c693a313636303330373431343b6d6573736167657c733a32393a223c703e4c6f6767656420496e205375636365737366756c6c793c2f703e223b5f5f63695f766172737c613a313a7b733a373a226d657373616765223b733a333a226f6c64223b7d6964656e746974797c733a31373a226e303134343239373740756e662e656475223b656d61696c7c733a31373a226e303134343239373740756e662e656475223b757365725f69647c733a313a2231223b6f6c645f6c6173745f6c6f67696e7c733a31303a2231363539383838353330223b6c6173745f636865636b7c693a313635393939363337353b696f6e5f617574685f73657373696f6e5f686173687c733a34303a2236353833643663346632303539393865636163633966353162363861326132653434656130303036223b),
('v9trmiacknksmn3fqamobq9miolu0ceb', '::1', 1660327226, 0x5f5f63695f6c6173745f726567656e65726174657c693a313636303332373232363b6d6573736167657c733a32393a223c703e4c6f6767656420496e205375636365737366756c6c793c2f703e223b5f5f63695f766172737c613a313a7b733a373a226d657373616765223b733a333a226f6c64223b7d6964656e746974797c733a31373a226e303134343239373740756e662e656475223b656d61696c7c733a31373a226e303134343239373740756e662e656475223b757365725f69647c733a313a2231223b6f6c645f6c6173745f6c6f67696e7c733a31303a2231363539383838353330223b6c6173745f636865636b7c693a313635393939363337353b696f6e5f617574685f73657373696f6e5f686173687c733a34303a2236353833643663346632303539393865636163633966353162363861326132653434656130303036223b),
('mvk4md4snl0b0m7euvfg40ev0b37pcng', '::1', 1660327611, 0x5f5f63695f6c6173745f726567656e65726174657c693a313636303332373631313b6d6573736167657c733a32393a223c703e4c6f6767656420496e205375636365737366756c6c793c2f703e223b5f5f63695f766172737c613a313a7b733a373a226d657373616765223b733a333a226f6c64223b7d6964656e746974797c733a31373a226e303134343239373740756e662e656475223b656d61696c7c733a31373a226e303134343239373740756e662e656475223b757365725f69647c733a313a2231223b6f6c645f6c6173745f6c6f67696e7c733a31303a2231363539383838353330223b6c6173745f636865636b7c693a313635393939363337353b696f6e5f617574685f73657373696f6e5f686173687c733a34303a2236353833643663346632303539393865636163633966353162363861326132653434656130303036223b),
('enijok21u6f08opbgsupuhdcj15qs98m', '::1', 1660327956, 0x5f5f63695f6c6173745f726567656e65726174657c693a313636303332373935363b6d6573736167657c733a32393a223c703e4c6f6767656420496e205375636365737366756c6c793c2f703e223b5f5f63695f766172737c613a313a7b733a373a226d657373616765223b733a333a226f6c64223b7d6964656e746974797c733a31373a226e303134343239373740756e662e656475223b656d61696c7c733a31373a226e303134343239373740756e662e656475223b757365725f69647c733a313a2231223b6f6c645f6c6173745f6c6f67696e7c733a31303a2231363539383838353330223b6c6173745f636865636b7c693a313635393939363337353b696f6e5f617574685f73657373696f6e5f686173687c733a34303a2236353833643663346632303539393865636163633966353162363861326132653434656130303036223b),
('d6mpjhsc46129tn2a86n5klkuf2909oa', '::1', 1660328273, 0x5f5f63695f6c6173745f726567656e65726174657c693a313636303332383237333b6d6573736167657c733a32393a223c703e4c6f6767656420496e205375636365737366756c6c793c2f703e223b5f5f63695f766172737c613a313a7b733a373a226d657373616765223b733a333a226f6c64223b7d6964656e746974797c733a31373a226e303134343239373740756e662e656475223b656d61696c7c733a31373a226e303134343239373740756e662e656475223b757365725f69647c733a313a2231223b6f6c645f6c6173745f6c6f67696e7c733a31303a2231363539383838353330223b6c6173745f636865636b7c693a313635393939363337353b696f6e5f617574685f73657373696f6e5f686173687c733a34303a2236353833643663346632303539393865636163633966353162363861326132653434656130303036223b),
('j99qi0eak30c27ih89uc3nkv012cklv1', '::1', 1660328851, 0x5f5f63695f6c6173745f726567656e65726174657c693a313636303332383835313b6d6573736167657c733a32393a223c703e4c6f6767656420496e205375636365737366756c6c793c2f703e223b5f5f63695f766172737c613a313a7b733a373a226d657373616765223b733a333a226f6c64223b7d6964656e746974797c733a31373a226e303134343239373740756e662e656475223b656d61696c7c733a31373a226e303134343239373740756e662e656475223b757365725f69647c733a313a2231223b6f6c645f6c6173745f6c6f67696e7c733a31303a2231363539383838353330223b6c6173745f636865636b7c693a313635393939363337353b696f6e5f617574685f73657373696f6e5f686173687c733a34303a2236353833643663346632303539393865636163633966353162363861326132653434656130303036223b),
('0a9s3nkoafj07795a0oh035j6f70bj85', '::1', 1660329823, 0x5f5f63695f6c6173745f726567656e65726174657c693a313636303332393832333b6d6573736167657c733a32393a223c703e4c6f6767656420496e205375636365737366756c6c793c2f703e223b5f5f63695f766172737c613a313a7b733a373a226d657373616765223b733a333a226f6c64223b7d6964656e746974797c733a31373a226e303134343239373740756e662e656475223b656d61696c7c733a31373a226e303134343239373740756e662e656475223b757365725f69647c733a313a2231223b6f6c645f6c6173745f6c6f67696e7c733a31303a2231363539383838353330223b6c6173745f636865636b7c693a313635393939363337353b696f6e5f617574685f73657373696f6e5f686173687c733a34303a2236353833643663346632303539393865636163633966353162363861326132653434656130303036223b),
('jar040a8f15dirbr2uej4kd812fnba07', '::1', 1660330152, 0x5f5f63695f6c6173745f726567656e65726174657c693a313636303333303135323b6d6573736167657c733a32393a223c703e4c6f6767656420496e205375636365737366756c6c793c2f703e223b5f5f63695f766172737c613a313a7b733a373a226d657373616765223b733a333a226f6c64223b7d6964656e746974797c733a31373a226e303134343239373740756e662e656475223b656d61696c7c733a31373a226e303134343239373740756e662e656475223b757365725f69647c733a313a2231223b6f6c645f6c6173745f6c6f67696e7c733a31303a2231363539383838353330223b6c6173745f636865636b7c693a313635393939363337353b696f6e5f617574685f73657373696f6e5f686173687c733a34303a2236353833643663346632303539393865636163633966353162363861326132653434656130303036223b),
('mob53gfu42v2ipgsrkj1e5bs9o3vjehd', '::1', 1660330477, 0x5f5f63695f6c6173745f726567656e65726174657c693a313636303333303437373b6d6573736167657c733a32393a223c703e4c6f6767656420496e205375636365737366756c6c793c2f703e223b5f5f63695f766172737c613a313a7b733a373a226d657373616765223b733a333a226f6c64223b7d6964656e746974797c733a31373a226e303134343239373740756e662e656475223b656d61696c7c733a31373a226e303134343239373740756e662e656475223b757365725f69647c733a313a2231223b6f6c645f6c6173745f6c6f67696e7c733a31303a2231363539383838353330223b6c6173745f636865636b7c693a313635393939363337353b696f6e5f617574685f73657373696f6e5f686173687c733a34303a2236353833643663346632303539393865636163633966353162363861326132653434656130303036223b),
('ane6gq1e9cn2oa4l5fa98ljq9j370ct3', '::1', 1660331719, 0x5f5f63695f6c6173745f726567656e65726174657c693a313636303333313731393b6d6573736167657c733a32393a223c703e4c6f6767656420496e205375636365737366756c6c793c2f703e223b5f5f63695f766172737c613a313a7b733a373a226d657373616765223b733a333a226f6c64223b7d6964656e746974797c733a31373a226e303134343239373740756e662e656475223b656d61696c7c733a31373a226e303134343239373740756e662e656475223b757365725f69647c733a313a2231223b6f6c645f6c6173745f6c6f67696e7c733a31303a2231363539383838353330223b6c6173745f636865636b7c693a313635393939363337353b696f6e5f617574685f73657373696f6e5f686173687c733a34303a2236353833643663346632303539393865636163633966353162363861326132653434656130303036223b),
('c8qfn7dhc74vd4dqjcpdc74m3e6ujcq0', '::1', 1660332081, 0x5f5f63695f6c6173745f726567656e65726174657c693a313636303333323038313b6d6573736167657c733a32393a223c703e4c6f6767656420496e205375636365737366756c6c793c2f703e223b5f5f63695f766172737c613a313a7b733a373a226d657373616765223b733a333a226f6c64223b7d6964656e746974797c733a31373a226e303134343239373740756e662e656475223b656d61696c7c733a31373a226e303134343239373740756e662e656475223b757365725f69647c733a313a2231223b6f6c645f6c6173745f6c6f67696e7c733a31303a2231363539383838353330223b6c6173745f636865636b7c693a313635393939363337353b696f6e5f617574685f73657373696f6e5f686173687c733a34303a2236353833643663346632303539393865636163633966353162363861326132653434656130303036223b),
('b7nthn3ir7vph7k32att3i2miho1pm7u', '::1', 1660332383, 0x5f5f63695f6c6173745f726567656e65726174657c693a313636303333323338333b6d6573736167657c733a32393a223c703e4c6f6767656420496e205375636365737366756c6c793c2f703e223b5f5f63695f766172737c613a313a7b733a373a226d657373616765223b733a333a226f6c64223b7d6964656e746974797c733a31373a226e303134343239373740756e662e656475223b656d61696c7c733a31373a226e303134343239373740756e662e656475223b757365725f69647c733a313a2231223b6f6c645f6c6173745f6c6f67696e7c733a31303a2231363539383838353330223b6c6173745f636865636b7c693a313635393939363337353b696f6e5f617574685f73657373696f6e5f686173687c733a34303a2236353833643663346632303539393865636163633966353162363861326132653434656130303036223b),
('idu4tbcmc4vjdpiegbebit86jma0llra', '::1', 1660332936, 0x5f5f63695f6c6173745f726567656e65726174657c693a313636303333323933363b6d6573736167657c733a32393a223c703e4c6f6767656420496e205375636365737366756c6c793c2f703e223b5f5f63695f766172737c613a313a7b733a373a226d657373616765223b733a333a226f6c64223b7d6964656e746974797c733a31373a226e303134343239373740756e662e656475223b656d61696c7c733a31373a226e303134343239373740756e662e656475223b757365725f69647c733a313a2231223b6f6c645f6c6173745f6c6f67696e7c733a31303a2231363539383838353330223b6c6173745f636865636b7c693a313635393939363337353b696f6e5f617574685f73657373696f6e5f686173687c733a34303a2236353833643663346632303539393865636163633966353162363861326132653434656130303036223b),
('vlbi9fhe085r7851jqf0bvnp9niqhb5r', '::1', 1660333244, 0x5f5f63695f6c6173745f726567656e65726174657c693a313636303333333234343b6d6573736167657c733a32393a223c703e4c6f6767656420496e205375636365737366756c6c793c2f703e223b5f5f63695f766172737c613a313a7b733a373a226d657373616765223b733a333a226f6c64223b7d6964656e746974797c733a31373a226e303134343239373740756e662e656475223b656d61696c7c733a31373a226e303134343239373740756e662e656475223b757365725f69647c733a313a2231223b6f6c645f6c6173745f6c6f67696e7c733a31303a2231363539383838353330223b6c6173745f636865636b7c693a313635393939363337353b696f6e5f617574685f73657373696f6e5f686173687c733a34303a2236353833643663346632303539393865636163633966353162363861326132653434656130303036223b),
('a2ausdsb32g015rh3i6nehgmdsdk58rv', '::1', 1660333870, 0x5f5f63695f6c6173745f726567656e65726174657c693a313636303333333837303b6d6573736167657c733a32393a223c703e4c6f6767656420496e205375636365737366756c6c793c2f703e223b5f5f63695f766172737c613a313a7b733a373a226d657373616765223b733a333a226f6c64223b7d6964656e746974797c733a31373a226e303134343239373740756e662e656475223b656d61696c7c733a31373a226e303134343239373740756e662e656475223b757365725f69647c733a313a2231223b6f6c645f6c6173745f6c6f67696e7c733a31303a2231363539383838353330223b6c6173745f636865636b7c693a313635393939363337353b696f6e5f617574685f73657373696f6e5f686173687c733a34303a2236353833643663346632303539393865636163633966353162363861326132653434656130303036223b),
('6kom2qs4am0nhvqbmo47s9uee12lpbe0', '::1', 1660334351, 0x5f5f63695f6c6173745f726567656e65726174657c693a313636303333343335313b6d6573736167657c733a32393a223c703e4c6f6767656420496e205375636365737366756c6c793c2f703e223b5f5f63695f766172737c613a313a7b733a373a226d657373616765223b733a333a226f6c64223b7d6964656e746974797c733a31373a226e303134343239373740756e662e656475223b656d61696c7c733a31373a226e303134343239373740756e662e656475223b757365725f69647c733a313a2231223b6f6c645f6c6173745f6c6f67696e7c733a31303a2231363539383838353330223b6c6173745f636865636b7c693a313635393939363337353b696f6e5f617574685f73657373696f6e5f686173687c733a34303a2236353833643663346632303539393865636163633966353162363861326132653434656130303036223b),
('hek8h3sv3ebakpdlpusb278kqgunvq6e', '::1', 1660334669, 0x5f5f63695f6c6173745f726567656e65726174657c693a313636303333343636393b6d6573736167657c733a32393a223c703e4c6f6767656420496e205375636365737366756c6c793c2f703e223b5f5f63695f766172737c613a313a7b733a373a226d657373616765223b733a333a226f6c64223b7d6964656e746974797c733a31373a226e303134343239373740756e662e656475223b656d61696c7c733a31373a226e303134343239373740756e662e656475223b757365725f69647c733a313a2231223b6f6c645f6c6173745f6c6f67696e7c733a31303a2231363539383838353330223b6c6173745f636865636b7c693a313635393939363337353b696f6e5f617574685f73657373696f6e5f686173687c733a34303a2236353833643663346632303539393865636163633966353162363861326132653434656130303036223b),
('vg43v9j41m13c9o2ehkokeharr9itc52', '::1', 1660348758, 0x5f5f63695f6c6173745f726567656e65726174657c693a313636303334383735383b6d6573736167657c733a32393a223c703e4c6f6767656420496e205375636365737366756c6c793c2f703e223b5f5f63695f766172737c613a313a7b733a373a226d657373616765223b733a333a226f6c64223b7d6964656e746974797c733a31373a226e303134343239373740756e662e656475223b656d61696c7c733a31373a226e303134343239373740756e662e656475223b757365725f69647c733a313a2231223b6f6c645f6c6173745f6c6f67696e7c733a31303a2231363539383838353330223b6c6173745f636865636b7c693a313635393939363337353b696f6e5f617574685f73657373696f6e5f686173687c733a34303a2236353833643663346632303539393865636163633966353162363861326132653434656130303036223b),
('898j2is1mbmuvkfnb8q40eq40jtl4qa3', '::1', 1660349083, 0x5f5f63695f6c6173745f726567656e65726174657c693a313636303334393038333b6d6573736167657c733a32393a223c703e4c6f6767656420496e205375636365737366756c6c793c2f703e223b5f5f63695f766172737c613a313a7b733a373a226d657373616765223b733a333a226f6c64223b7d6964656e746974797c733a31373a226e303134343239373740756e662e656475223b656d61696c7c733a31373a226e303134343239373740756e662e656475223b757365725f69647c733a313a2231223b6f6c645f6c6173745f6c6f67696e7c733a31303a2231363539383838353330223b6c6173745f636865636b7c693a313635393939363337353b696f6e5f617574685f73657373696f6e5f686173687c733a34303a2236353833643663346632303539393865636163633966353162363861326132653434656130303036223b),
('3adlhbkl6kbpo4p158b4afcictj16kqa', '::1', 1660349422, 0x5f5f63695f6c6173745f726567656e65726174657c693a313636303334393432323b6d6573736167657c733a32393a223c703e4c6f6767656420496e205375636365737366756c6c793c2f703e223b5f5f63695f766172737c613a313a7b733a373a226d657373616765223b733a333a226f6c64223b7d6964656e746974797c733a31373a226e303134343239373740756e662e656475223b656d61696c7c733a31373a226e303134343239373740756e662e656475223b757365725f69647c733a313a2231223b6f6c645f6c6173745f6c6f67696e7c733a31303a2231363539383838353330223b6c6173745f636865636b7c693a313635393939363337353b696f6e5f617574685f73657373696f6e5f686173687c733a34303a2236353833643663346632303539393865636163633966353162363861326132653434656130303036223b),
('72gnei1avb4cr869f623dmtrvgi40km5', '::1', 1660349848, 0x5f5f63695f6c6173745f726567656e65726174657c693a313636303334393834383b6d6573736167657c733a32393a223c703e4c6f6767656420496e205375636365737366756c6c793c2f703e223b5f5f63695f766172737c613a313a7b733a373a226d657373616765223b733a333a226f6c64223b7d6964656e746974797c733a31373a226e303134343239373740756e662e656475223b656d61696c7c733a31373a226e303134343239373740756e662e656475223b757365725f69647c733a313a2231223b6f6c645f6c6173745f6c6f67696e7c733a31303a2231363539383838353330223b6c6173745f636865636b7c693a313635393939363337353b696f6e5f617574685f73657373696f6e5f686173687c733a34303a2236353833643663346632303539393865636163633966353162363861326132653434656130303036223b),
('th8gagbqqoduo2sfvv51efmgtnpcogi7', '::1', 1660350220, 0x5f5f63695f6c6173745f726567656e65726174657c693a313636303335303232303b6d6573736167657c733a32393a223c703e4c6f6767656420496e205375636365737366756c6c793c2f703e223b5f5f63695f766172737c613a313a7b733a373a226d657373616765223b733a333a226f6c64223b7d6964656e746974797c733a31373a226e303134343239373740756e662e656475223b656d61696c7c733a31373a226e303134343239373740756e662e656475223b757365725f69647c733a313a2231223b6f6c645f6c6173745f6c6f67696e7c733a31303a2231363539383838353330223b6c6173745f636865636b7c693a313635393939363337353b696f6e5f617574685f73657373696f6e5f686173687c733a34303a2236353833643663346632303539393865636163633966353162363861326132653434656130303036223b),
('fbj4b1s2bb23mtbkes0o4fpr4k90nqi6', '::1', 1660352166, 0x5f5f63695f6c6173745f726567656e65726174657c693a313636303335323136363b6d6573736167657c733a32393a223c703e4c6f6767656420496e205375636365737366756c6c793c2f703e223b5f5f63695f766172737c613a313a7b733a373a226d657373616765223b733a333a226f6c64223b7d6964656e746974797c733a31373a226e303134343239373740756e662e656475223b656d61696c7c733a31373a226e303134343239373740756e662e656475223b757365725f69647c733a313a2231223b6f6c645f6c6173745f6c6f67696e7c733a31303a2231363539383838353330223b6c6173745f636865636b7c693a313635393939363337353b696f6e5f617574685f73657373696f6e5f686173687c733a34303a2236353833643663346632303539393865636163633966353162363861326132653434656130303036223b),
('7bni3sp35k3deero381midkvb0u2a77f', '::1', 1660358306, 0x5f5f63695f6c6173745f726567656e65726174657c693a313636303335383330363b6d6573736167657c733a32393a223c703e4c6f6767656420496e205375636365737366756c6c793c2f703e223b5f5f63695f766172737c613a313a7b733a373a226d657373616765223b733a333a226f6c64223b7d6964656e746974797c733a31373a226e303134343239373740756e662e656475223b656d61696c7c733a31373a226e303134343239373740756e662e656475223b757365725f69647c733a313a2231223b6f6c645f6c6173745f6c6f67696e7c733a31303a2231363539383838353330223b6c6173745f636865636b7c693a313635393939363337353b696f6e5f617574685f73657373696f6e5f686173687c733a34303a2236353833643663346632303539393865636163633966353162363861326132653434656130303036223b),
('nl9v8s8euq39ugkt1abfk2fdp0qh6lc3', '::1', 1660358627, 0x5f5f63695f6c6173745f726567656e65726174657c693a313636303335383632373b6d6573736167657c733a32393a223c703e4c6f6767656420496e205375636365737366756c6c793c2f703e223b5f5f63695f766172737c613a313a7b733a373a226d657373616765223b733a333a226f6c64223b7d6964656e746974797c733a31373a226e303134343239373740756e662e656475223b656d61696c7c733a31373a226e303134343239373740756e662e656475223b757365725f69647c733a313a2231223b6f6c645f6c6173745f6c6f67696e7c733a31303a2231363539383838353330223b6c6173745f636865636b7c693a313635393939363337353b696f6e5f617574685f73657373696f6e5f686173687c733a34303a2236353833643663346632303539393865636163633966353162363861326132653434656130303036223b),
('5ivjr9r3oi35bno1ee21ft046emap85s', '::1', 1660359212, 0x5f5f63695f6c6173745f726567656e65726174657c693a313636303335393231323b6d6573736167657c733a32393a223c703e4c6f6767656420496e205375636365737366756c6c793c2f703e223b5f5f63695f766172737c613a313a7b733a373a226d657373616765223b733a333a226f6c64223b7d6964656e746974797c733a31373a226e303134343239373740756e662e656475223b656d61696c7c733a31373a226e303134343239373740756e662e656475223b757365725f69647c733a313a2231223b6f6c645f6c6173745f6c6f67696e7c733a31303a2231363539383838353330223b6c6173745f636865636b7c693a313635393939363337353b696f6e5f617574685f73657373696f6e5f686173687c733a34303a2236353833643663346632303539393865636163633966353162363861326132653434656130303036223b),
('jqjgtkm14gaerrcg5ot1gv0sllkp5ko2', '::1', 1660359571, 0x5f5f63695f6c6173745f726567656e65726174657c693a313636303335393537313b6d6573736167657c733a32393a223c703e4c6f6767656420496e205375636365737366756c6c793c2f703e223b5f5f63695f766172737c613a313a7b733a373a226d657373616765223b733a333a226f6c64223b7d6964656e746974797c733a31373a226e303134343239373740756e662e656475223b656d61696c7c733a31373a226e303134343239373740756e662e656475223b757365725f69647c733a313a2231223b6f6c645f6c6173745f6c6f67696e7c733a31303a2231363539383838353330223b6c6173745f636865636b7c693a313635393939363337353b696f6e5f617574685f73657373696f6e5f686173687c733a34303a2236353833643663346632303539393865636163633966353162363861326132653434656130303036223b),
('2en9a4osn7r1b8su7s983jgs13kf4d2v', '::1', 1660360415, 0x5f5f63695f6c6173745f726567656e65726174657c693a313636303336303431353b6d6573736167657c733a32393a223c703e4c6f6767656420496e205375636365737366756c6c793c2f703e223b5f5f63695f766172737c613a313a7b733a373a226d657373616765223b733a333a226f6c64223b7d6964656e746974797c733a31373a226e303134343239373740756e662e656475223b656d61696c7c733a31373a226e303134343239373740756e662e656475223b757365725f69647c733a313a2231223b6f6c645f6c6173745f6c6f67696e7c733a31303a2231363539383838353330223b6c6173745f636865636b7c693a313635393939363337353b696f6e5f617574685f73657373696f6e5f686173687c733a34303a2236353833643663346632303539393865636163633966353162363861326132653434656130303036223b),
('uu2bp50p7hpjbepjknbnlrsg9gurmc75', '::1', 1660361329, 0x5f5f63695f6c6173745f726567656e65726174657c693a313636303336313332393b6d6573736167657c733a32393a223c703e4c6f6767656420496e205375636365737366756c6c793c2f703e223b5f5f63695f766172737c613a313a7b733a373a226d657373616765223b733a333a226f6c64223b7d6964656e746974797c733a31373a226e303134343239373740756e662e656475223b656d61696c7c733a31373a226e303134343239373740756e662e656475223b757365725f69647c733a313a2231223b6f6c645f6c6173745f6c6f67696e7c733a31303a2231363539383838353330223b6c6173745f636865636b7c693a313635393939363337353b696f6e5f617574685f73657373696f6e5f686173687c733a34303a2236353833643663346632303539393865636163633966353162363861326132653434656130303036223b),
('71oq55m63h7t70ecgnnpmm7sg545umtk', '::1', 1660400605, 0x5f5f63695f6c6173745f726567656e65726174657c693a313636303430303630323b6d6573736167657c733a32393a223c703e4c6f6767656420496e205375636365737366756c6c793c2f703e223b5f5f63695f766172737c613a313a7b733a373a226d657373616765223b733a333a226f6c64223b7d6964656e746974797c733a31373a226e303134343239373740756e662e656475223b656d61696c7c733a31373a226e303134343239373740756e662e656475223b757365725f69647c733a313a2231223b6f6c645f6c6173745f6c6f67696e7c733a31303a2231363539383838353330223b6c6173745f636865636b7c693a313635393939363337353b696f6e5f617574685f73657373696f6e5f686173687c733a34303a2236353833643663346632303539393865636163633966353162363861326132653434656130303036223b),
('nm08s4ljilmmd1msfi8l32a3v3kjup83', '::1', 1660401852, 0x5f5f63695f6c6173745f726567656e65726174657c693a313636303430313835323b6d6573736167657c733a32393a223c703e4c6f6767656420496e205375636365737366756c6c793c2f703e223b5f5f63695f766172737c613a313a7b733a373a226d657373616765223b733a333a226f6c64223b7d6964656e746974797c733a31373a226e303134343239373740756e662e656475223b656d61696c7c733a31373a226e303134343239373740756e662e656475223b757365725f69647c733a313a2231223b6f6c645f6c6173745f6c6f67696e7c733a31303a2231363539383838353330223b6c6173745f636865636b7c693a313635393939363337353b696f6e5f617574685f73657373696f6e5f686173687c733a34303a2236353833643663346632303539393865636163633966353162363861326132653434656130303036223b),
('b40o7g906svinqbgont1vdrklco4o1in', '::1', 1660402291, 0x5f5f63695f6c6173745f726567656e65726174657c693a313636303430323239313b6d6573736167657c733a32393a223c703e4c6f6767656420496e205375636365737366756c6c793c2f703e223b5f5f63695f766172737c613a313a7b733a373a226d657373616765223b733a333a226f6c64223b7d6964656e746974797c733a31373a226e303134343239373740756e662e656475223b656d61696c7c733a31373a226e303134343239373740756e662e656475223b757365725f69647c733a313a2231223b6f6c645f6c6173745f6c6f67696e7c733a31303a2231363539383838353330223b6c6173745f636865636b7c693a313635393939363337353b696f6e5f617574685f73657373696f6e5f686173687c733a34303a2236353833643663346632303539393865636163633966353162363861326132653434656130303036223b),
('8dqbapfl8curcoa0g1rrv9uhjuc1mcjm', '::1', 1660404435, 0x5f5f63695f6c6173745f726567656e65726174657c693a313636303430343433353b6d6573736167657c733a32393a223c703e4c6f6767656420496e205375636365737366756c6c793c2f703e223b5f5f63695f766172737c613a313a7b733a373a226d657373616765223b733a333a226f6c64223b7d6964656e746974797c733a31373a226e303134343239373740756e662e656475223b656d61696c7c733a31373a226e303134343239373740756e662e656475223b757365725f69647c733a313a2231223b6f6c645f6c6173745f6c6f67696e7c733a31303a2231363539383838353330223b6c6173745f636865636b7c693a313635393939363337353b696f6e5f617574685f73657373696f6e5f686173687c733a34303a2236353833643663346632303539393865636163633966353162363861326132653434656130303036223b),
('o3jdn8g7cv3ltiofmhnagfralhfed30u', '::1', 1660404748, 0x5f5f63695f6c6173745f726567656e65726174657c693a313636303430343734383b6d6573736167657c733a32393a223c703e4c6f6767656420496e205375636365737366756c6c793c2f703e223b5f5f63695f766172737c613a313a7b733a373a226d657373616765223b733a333a226f6c64223b7d6964656e746974797c733a31373a226e303134343239373740756e662e656475223b656d61696c7c733a31373a226e303134343239373740756e662e656475223b757365725f69647c733a313a2231223b6f6c645f6c6173745f6c6f67696e7c733a31303a2231363539383838353330223b6c6173745f636865636b7c693a313635393939363337353b696f6e5f617574685f73657373696f6e5f686173687c733a34303a2236353833643663346632303539393865636163633966353162363861326132653434656130303036223b),
('lcq30kn671fhla9ho1sg9phutn45qgl2', '::1', 1660405051, 0x5f5f63695f6c6173745f726567656e65726174657c693a313636303430353035313b6d6573736167657c733a32393a223c703e4c6f6767656420496e205375636365737366756c6c793c2f703e223b5f5f63695f766172737c613a313a7b733a373a226d657373616765223b733a333a226f6c64223b7d6964656e746974797c733a31373a226e303134343239373740756e662e656475223b656d61696c7c733a31373a226e303134343239373740756e662e656475223b757365725f69647c733a313a2231223b6f6c645f6c6173745f6c6f67696e7c733a31303a2231363539383838353330223b6c6173745f636865636b7c693a313635393939363337353b696f6e5f617574685f73657373696f6e5f686173687c733a34303a2236353833643663346632303539393865636163633966353162363861326132653434656130303036223b),
('ehvhafgd6neu75r86bsboe7d21m5samj', '::1', 1660405390, 0x5f5f63695f6c6173745f726567656e65726174657c693a313636303430353339303b6d6573736167657c733a32393a223c703e4c6f6767656420496e205375636365737366756c6c793c2f703e223b5f5f63695f766172737c613a313a7b733a373a226d657373616765223b733a333a226f6c64223b7d6964656e746974797c733a31373a226e303134343239373740756e662e656475223b656d61696c7c733a31373a226e303134343239373740756e662e656475223b757365725f69647c733a313a2231223b6f6c645f6c6173745f6c6f67696e7c733a31303a2231363539383838353330223b6c6173745f636865636b7c693a313635393939363337353b696f6e5f617574685f73657373696f6e5f686173687c733a34303a2236353833643663346632303539393865636163633966353162363861326132653434656130303036223b),
('r071nr5oc32p55no8f1lq7ch9igfr8u1', '::1', 1660405915, 0x5f5f63695f6c6173745f726567656e65726174657c693a313636303430353931353b6d6573736167657c733a32393a223c703e4c6f6767656420496e205375636365737366756c6c793c2f703e223b5f5f63695f766172737c613a313a7b733a373a226d657373616765223b733a333a226f6c64223b7d6964656e746974797c733a31373a226e303134343239373740756e662e656475223b656d61696c7c733a31373a226e303134343239373740756e662e656475223b757365725f69647c733a313a2231223b6f6c645f6c6173745f6c6f67696e7c733a31303a2231363539383838353330223b6c6173745f636865636b7c693a313635393939363337353b696f6e5f617574685f73657373696f6e5f686173687c733a34303a2236353833643663346632303539393865636163633966353162363861326132653434656130303036223b),
('c7p3fafkg74qrkj38guorsct0sa2cadf', '::1', 1660407985, 0x5f5f63695f6c6173745f726567656e65726174657c693a313636303430373938353b6d6573736167657c733a32393a223c703e4c6f6767656420496e205375636365737366756c6c793c2f703e223b5f5f63695f766172737c613a313a7b733a373a226d657373616765223b733a333a226f6c64223b7d6964656e746974797c733a31373a226e303134343239373740756e662e656475223b656d61696c7c733a31373a226e303134343239373740756e662e656475223b757365725f69647c733a313a2231223b6f6c645f6c6173745f6c6f67696e7c733a31303a2231363539383838353330223b6c6173745f636865636b7c693a313635393939363337353b696f6e5f617574685f73657373696f6e5f686173687c733a34303a2236353833643663346632303539393865636163633966353162363861326132653434656130303036223b),
('aq1teqpodjskqileodi5cttrod5dl7la', '::1', 1660409228, 0x5f5f63695f6c6173745f726567656e65726174657c693a313636303430393232383b6d6573736167657c733a32393a223c703e4c6f6767656420496e205375636365737366756c6c793c2f703e223b5f5f63695f766172737c613a313a7b733a373a226d657373616765223b733a333a226f6c64223b7d6964656e746974797c733a31373a226e303134343239373740756e662e656475223b656d61696c7c733a31373a226e303134343239373740756e662e656475223b757365725f69647c733a313a2231223b6f6c645f6c6173745f6c6f67696e7c733a31303a2231363539383838353330223b6c6173745f636865636b7c693a313635393939363337353b696f6e5f617574685f73657373696f6e5f686173687c733a34303a2236353833643663346632303539393865636163633966353162363861326132653434656130303036223b),
('vl0uk285u72hk1engipc0n5rd3bvrgri', '::1', 1660409613, 0x5f5f63695f6c6173745f726567656e65726174657c693a313636303430393631333b6d6573736167657c733a32393a223c703e4c6f6767656420496e205375636365737366756c6c793c2f703e223b5f5f63695f766172737c613a313a7b733a373a226d657373616765223b733a333a226f6c64223b7d6964656e746974797c733a31373a226e303134343239373740756e662e656475223b656d61696c7c733a31373a226e303134343239373740756e662e656475223b757365725f69647c733a313a2231223b6f6c645f6c6173745f6c6f67696e7c733a31303a2231363539383838353330223b6c6173745f636865636b7c693a313635393939363337353b696f6e5f617574685f73657373696f6e5f686173687c733a34303a2236353833643663346632303539393865636163633966353162363861326132653434656130303036223b),
('m4a3c93m6khq1t3g47qmmotenmdbql12', '::1', 1660410038, 0x5f5f63695f6c6173745f726567656e65726174657c693a313636303431303033383b6d6573736167657c733a32393a223c703e4c6f6767656420496e205375636365737366756c6c793c2f703e223b5f5f63695f766172737c613a313a7b733a373a226d657373616765223b733a333a226f6c64223b7d6964656e746974797c733a31373a226e303134343239373740756e662e656475223b656d61696c7c733a31373a226e303134343239373740756e662e656475223b757365725f69647c733a313a2231223b6f6c645f6c6173745f6c6f67696e7c733a31303a2231363539383838353330223b6c6173745f636865636b7c693a313635393939363337353b696f6e5f617574685f73657373696f6e5f686173687c733a34303a2236353833643663346632303539393865636163633966353162363861326132653434656130303036223b),
('h5vtib7iljbiveo3310h8gm4j8g4cckm', '::1', 1660410942, 0x5f5f63695f6c6173745f726567656e65726174657c693a313636303431303934323b6d6573736167657c733a32393a223c703e4c6f6767656420496e205375636365737366756c6c793c2f703e223b5f5f63695f766172737c613a313a7b733a373a226d657373616765223b733a333a226f6c64223b7d6964656e746974797c733a31373a226e303134343239373740756e662e656475223b656d61696c7c733a31373a226e303134343239373740756e662e656475223b757365725f69647c733a313a2231223b6f6c645f6c6173745f6c6f67696e7c733a31303a2231363539383838353330223b6c6173745f636865636b7c693a313635393939363337353b696f6e5f617574685f73657373696f6e5f686173687c733a34303a2236353833643663346632303539393865636163633966353162363861326132653434656130303036223b),
('7hu8i8k3ja0pj51ja35b13iekq36ku8o', '::1', 1660411523, 0x5f5f63695f6c6173745f726567656e65726174657c693a313636303431313532333b6d6573736167657c733a32393a223c703e4c6f6767656420496e205375636365737366756c6c793c2f703e223b5f5f63695f766172737c613a313a7b733a373a226d657373616765223b733a333a226f6c64223b7d6964656e746974797c733a31373a226e303134343239373740756e662e656475223b656d61696c7c733a31373a226e303134343239373740756e662e656475223b757365725f69647c733a313a2231223b6f6c645f6c6173745f6c6f67696e7c733a31303a2231363539383838353330223b6c6173745f636865636b7c693a313635393939363337353b696f6e5f617574685f73657373696f6e5f686173687c733a34303a2236353833643663346632303539393865636163633966353162363861326132653434656130303036223b),
('viiv95t1dvlanaqllat65veecp0o3573', '::1', 1660412258, 0x5f5f63695f6c6173745f726567656e65726174657c693a313636303431323235383b6d6573736167657c733a32393a223c703e4c6f6767656420496e205375636365737366756c6c793c2f703e223b5f5f63695f766172737c613a313a7b733a373a226d657373616765223b733a333a226f6c64223b7d6964656e746974797c733a31373a226e303134343239373740756e662e656475223b656d61696c7c733a31373a226e303134343239373740756e662e656475223b757365725f69647c733a313a2231223b6f6c645f6c6173745f6c6f67696e7c733a31303a2231363539383838353330223b6c6173745f636865636b7c693a313635393939363337353b696f6e5f617574685f73657373696f6e5f686173687c733a34303a2236353833643663346632303539393865636163633966353162363861326132653434656130303036223b),
('n4v5l8b654pfi3h4qb02oifad5e5qed5', '::1', 1660413021, 0x5f5f63695f6c6173745f726567656e65726174657c693a313636303431333032313b6d6573736167657c733a32393a223c703e4c6f6767656420496e205375636365737366756c6c793c2f703e223b5f5f63695f766172737c613a313a7b733a373a226d657373616765223b733a333a226f6c64223b7d6964656e746974797c733a31373a226e303134343239373740756e662e656475223b656d61696c7c733a31373a226e303134343239373740756e662e656475223b757365725f69647c733a313a2231223b6f6c645f6c6173745f6c6f67696e7c733a31303a2231363539383838353330223b6c6173745f636865636b7c693a313635393939363337353b696f6e5f617574685f73657373696f6e5f686173687c733a34303a2236353833643663346632303539393865636163633966353162363861326132653434656130303036223b),
('1daioe28eetlpq6pk9ji6jrd2t0g0sb8', '::1', 1660413469, 0x5f5f63695f6c6173745f726567656e65726174657c693a313636303431333436393b6d6573736167657c733a32393a223c703e4c6f6767656420496e205375636365737366756c6c793c2f703e223b5f5f63695f766172737c613a313a7b733a373a226d657373616765223b733a333a226f6c64223b7d6964656e746974797c733a31373a226e303134343239373740756e662e656475223b656d61696c7c733a31373a226e303134343239373740756e662e656475223b757365725f69647c733a313a2231223b6f6c645f6c6173745f6c6f67696e7c733a31303a2231363539383838353330223b6c6173745f636865636b7c693a313635393939363337353b696f6e5f617574685f73657373696f6e5f686173687c733a34303a2236353833643663346632303539393865636163633966353162363861326132653434656130303036223b),
('1b77bnp258rjreqifl3q54iovd7esi4u', '::1', 1660413797, 0x5f5f63695f6c6173745f726567656e65726174657c693a313636303431333739373b6d6573736167657c733a32393a223c703e4c6f6767656420496e205375636365737366756c6c793c2f703e223b5f5f63695f766172737c613a313a7b733a373a226d657373616765223b733a333a226f6c64223b7d6964656e746974797c733a31373a226e303134343239373740756e662e656475223b656d61696c7c733a31373a226e303134343239373740756e662e656475223b757365725f69647c733a313a2231223b6f6c645f6c6173745f6c6f67696e7c733a31303a2231363539383838353330223b6c6173745f636865636b7c693a313635393939363337353b696f6e5f617574685f73657373696f6e5f686173687c733a34303a2236353833643663346632303539393865636163633966353162363861326132653434656130303036223b);
INSERT INTO `ci_sessions` (`id`, `ip_address`, `timestamp`, `data`) VALUES
('osug0psfrb0e1fk0sv39hkno7aqo5qu0', '::1', 1660414352, 0x5f5f63695f6c6173745f726567656e65726174657c693a313636303431343335323b6d6573736167657c733a32393a223c703e4c6f6767656420496e205375636365737366756c6c793c2f703e223b5f5f63695f766172737c613a313a7b733a373a226d657373616765223b733a333a226f6c64223b7d6964656e746974797c733a31373a226e303134343239373740756e662e656475223b656d61696c7c733a31373a226e303134343239373740756e662e656475223b757365725f69647c733a313a2231223b6f6c645f6c6173745f6c6f67696e7c733a31303a2231363539383838353330223b6c6173745f636865636b7c693a313635393939363337353b696f6e5f617574685f73657373696f6e5f686173687c733a34303a2236353833643663346632303539393865636163633966353162363861326132653434656130303036223b),
('spgfgseob7vmqgdf1ndu1bk75k8le9kc', '::1', 1660414395, 0x5f5f63695f6c6173745f726567656e65726174657c693a313636303431343339353b6d6573736167657c733a32323a223c703e496e636f7272656374204c6f67696e3c2f703e223b5f5f63695f766172737c613a313a7b733a373a226d657373616765223b733a333a226f6c64223b7d6964656e746974797c733a31373a226e303134343239373740756e662e656475223b656d61696c7c733a31373a226e303134343239373740756e662e656475223b757365725f69647c733a313a2231223b6f6c645f6c6173745f6c6f67696e7c733a31303a2231363539393936333735223b6c6173745f636865636b7c693a313636303431343339353b696f6e5f617574685f73657373696f6e5f686173687c733a34303a2236353833643663346632303539393865636163633966353162363861326132653434656130303036223b),
('tunohge118m7clg2ubm5ac83h9dqg1mp', '::1', 1660414699, 0x5f5f63695f6c6173745f726567656e65726174657c693a313636303431343639393b6d6573736167657c733a32393a223c703e4c6f6767656420496e205375636365737366756c6c793c2f703e223b5f5f63695f766172737c613a313a7b733a373a226d657373616765223b733a333a226f6c64223b7d6964656e746974797c733a31373a226e303134343239373740756e662e656475223b656d61696c7c733a31373a226e303134343239373740756e662e656475223b757365725f69647c733a313a2231223b6f6c645f6c6173745f6c6f67696e7c733a31303a2231363539393936333735223b6c6173745f636865636b7c693a313636303431343339353b696f6e5f617574685f73657373696f6e5f686173687c733a34303a2236353833643663346632303539393865636163633966353162363861326132653434656130303036223b),
('dek8s01ot006ouqbesjnskgjcujpse0j', '::1', 1660415117, 0x5f5f63695f6c6173745f726567656e65726174657c693a313636303431353131373b6d6573736167657c733a32393a223c703e4c6f6767656420496e205375636365737366756c6c793c2f703e223b5f5f63695f766172737c613a313a7b733a373a226d657373616765223b733a333a226f6c64223b7d6964656e746974797c733a31373a226e303134343239373740756e662e656475223b656d61696c7c733a31373a226e303134343239373740756e662e656475223b757365725f69647c733a313a2231223b6f6c645f6c6173745f6c6f67696e7c733a31303a2231363539393936333735223b6c6173745f636865636b7c693a313636303431343339353b696f6e5f617574685f73657373696f6e5f686173687c733a34303a2236353833643663346632303539393865636163633966353162363861326132653434656130303036223b),
('etmfailo0jnjp7mfbarn4bnbj1lu4rsu', '::1', 1660415557, 0x5f5f63695f6c6173745f726567656e65726174657c693a313636303431353535373b6d6573736167657c733a32393a223c703e4c6f6767656420496e205375636365737366756c6c793c2f703e223b5f5f63695f766172737c613a313a7b733a373a226d657373616765223b733a333a226f6c64223b7d6964656e746974797c733a31373a226e303134343239373740756e662e656475223b656d61696c7c733a31373a226e303134343239373740756e662e656475223b757365725f69647c733a313a2231223b6f6c645f6c6173745f6c6f67696e7c733a31303a2231363539393936333735223b6c6173745f636865636b7c693a313636303431343339353b696f6e5f617574685f73657373696f6e5f686173687c733a34303a2236353833643663346632303539393865636163633966353162363861326132653434656130303036223b),
('t9gscjd6h22jrm5q9q73bni7ur50nero', '::1', 1660415323, 0x5f5f63695f6c6173745f726567656e65726174657c693a313636303431353331373b6d6573736167657c733a32323a223c703e496e636f7272656374204c6f67696e3c2f703e223b5f5f63695f766172737c613a313a7b733a373a226d657373616765223b733a333a226e6577223b7d),
('pmi721c4tn3nq94rqc8slsdju0u0912h', '::1', 1660415421, 0x5f5f63695f6c6173745f726567656e65726174657c693a313636303431353431333b6d6573736167657c733a32323a223c703e496e636f7272656374204c6f67696e3c2f703e223b5f5f63695f766172737c613a313a7b733a373a226d657373616765223b733a333a226e6577223b7d),
('76ro13jfmob4mujefnsb359u30d3vdq8', '::1', 1660415860, 0x5f5f63695f6c6173745f726567656e65726174657c693a313636303431353836303b6d6573736167657c733a32393a223c703e4c6f6767656420496e205375636365737366756c6c793c2f703e223b5f5f63695f766172737c613a313a7b733a373a226d657373616765223b733a333a226f6c64223b7d6964656e746974797c733a31373a226e303134343239373740756e662e656475223b656d61696c7c733a31373a226e303134343239373740756e662e656475223b757365725f69647c733a313a2231223b6f6c645f6c6173745f6c6f67696e7c733a31303a2231363539393936333735223b6c6173745f636865636b7c693a313636303431343339353b696f6e5f617574685f73657373696f6e5f686173687c733a34303a2236353833643663346632303539393865636163633966353162363861326132653434656130303036223b),
('sq2h7rhbeju4qi28d9li8sv4cgh0ln44', '::1', 1660425853, 0x5f5f63695f6c6173745f726567656e65726174657c693a313636303432353835333b6d6573736167657c733a32393a223c703e4c6f6767656420496e205375636365737366756c6c793c2f703e223b5f5f63695f766172737c613a313a7b733a373a226d657373616765223b733a333a226f6c64223b7d6964656e746974797c733a31373a226e303134343239373740756e662e656475223b656d61696c7c733a31373a226e303134343239373740756e662e656475223b757365725f69647c733a313a2231223b6f6c645f6c6173745f6c6f67696e7c733a31303a2231363539393936333735223b6c6173745f636865636b7c693a313636303431343339353b696f6e5f617574685f73657373696f6e5f686173687c733a34303a2236353833643663346632303539393865636163633966353162363861326132653434656130303036223b),
('heg7n5crclsdbn11hprhch68l6epipm1', '::1', 1660425881, 0x5f5f63695f6c6173745f726567656e65726174657c693a313636303432353835333b6d6573736167657c733a32393a223c703e4c6f6767656420496e205375636365737366756c6c793c2f703e223b5f5f63695f766172737c613a313a7b733a373a226d657373616765223b733a333a226f6c64223b7d6964656e746974797c733a31373a226e303134343239373740756e662e656475223b656d61696c7c733a31373a226e303134343239373740756e662e656475223b757365725f69647c733a313a2231223b6f6c645f6c6173745f6c6f67696e7c733a31303a2231363539393936333735223b6c6173745f636865636b7c693a313636303431343339353b696f6e5f617574685f73657373696f6e5f686173687c733a34303a2236353833643663346632303539393865636163633966353162363861326132653434656130303036223b),
('3iepliiuta82j3outd9d3se5l8r9m9qh', '::1', 1660425936, 0x5f5f63695f6c6173745f726567656e65726174657c693a313636303432353933303b6d6573736167657c733a32323a223c703e496e636f7272656374204c6f67696e3c2f703e223b5f5f63695f766172737c613a313a7b733a373a226d657373616765223b733a333a226e6577223b7d),
('fifr78tdec64r4tkhpah86mcg49fdfu1', '::1', 1661459626, 0x5f5f63695f6c6173745f726567656e65726174657c693a313636313435393632363b),
('0gi5es3o6tm87fq1e0ckct6e7mvkatsr', '::1', 1661459642, 0x5f5f63695f6c6173745f726567656e65726174657c693a313636313435393634323b6d6573736167657c733a32323a223c703e496e636f7272656374204c6f67696e3c2f703e223b5f5f63695f766172737c613a313a7b733a373a226d657373616765223b733a333a226f6c64223b7d6964656e746974797c733a31373a226e303134343239373740756e662e656475223b656d61696c7c733a31373a226e303134343239373740756e662e656475223b757365725f69647c733a313a2231223b6f6c645f6c6173745f6c6f67696e7c733a31303a2231363630343134333935223b6c6173745f636865636b7c693a313636313435393634323b696f6e5f617574685f73657373696f6e5f686173687c733a34303a2236353833643663346632303539393865636163633966353162363861326132653434656130303036223b),
('791fnk2nl5j06upisg3d097qpe29tju9', '::1', 1661460106, 0x5f5f63695f6c6173745f726567656e65726174657c693a313636313436303130363b6d6573736167657c733a32393a223c703e4c6f6767656420496e205375636365737366756c6c793c2f703e223b5f5f63695f766172737c613a313a7b733a373a226d657373616765223b733a333a226f6c64223b7d6964656e746974797c733a31373a226e303134343239373740756e662e656475223b656d61696c7c733a31373a226e303134343239373740756e662e656475223b757365725f69647c733a313a2231223b6f6c645f6c6173745f6c6f67696e7c733a31303a2231363630343134333935223b6c6173745f636865636b7c693a313636313435393634323b696f6e5f617574685f73657373696f6e5f686173687c733a34303a2236353833643663346632303539393865636163633966353162363861326132653434656130303036223b),
('5fi3iugnb7lq477tkloah9gajal5ncv0', '::1', 1661460413, 0x5f5f63695f6c6173745f726567656e65726174657c693a313636313436303431333b6d6573736167657c733a32393a223c703e4c6f6767656420496e205375636365737366756c6c793c2f703e223b5f5f63695f766172737c613a313a7b733a373a226d657373616765223b733a333a226f6c64223b7d6964656e746974797c733a31373a226e303134343239373740756e662e656475223b656d61696c7c733a31373a226e303134343239373740756e662e656475223b757365725f69647c733a313a2231223b6f6c645f6c6173745f6c6f67696e7c733a31303a2231363630343134333935223b6c6173745f636865636b7c693a313636313435393634323b696f6e5f617574685f73657373696f6e5f686173687c733a34303a2236353833643663346632303539393865636163633966353162363861326132653434656130303036223b),
('aaoiog3d6d6ggq5k538mefso4adlhohj', '::1', 1661460726, 0x5f5f63695f6c6173745f726567656e65726174657c693a313636313436303732363b6d6573736167657c733a32393a223c703e4c6f6767656420496e205375636365737366756c6c793c2f703e223b5f5f63695f766172737c613a313a7b733a373a226d657373616765223b733a333a226f6c64223b7d6964656e746974797c733a31373a226e303134343239373740756e662e656475223b656d61696c7c733a31373a226e303134343239373740756e662e656475223b757365725f69647c733a313a2231223b6f6c645f6c6173745f6c6f67696e7c733a31303a2231363630343134333935223b6c6173745f636865636b7c693a313636313435393634323b696f6e5f617574685f73657373696f6e5f686173687c733a34303a2236353833643663346632303539393865636163633966353162363861326132653434656130303036223b),
('n4iet5cmhosrnevva6oad7nodh5rts2g', '::1', 1661461392, 0x5f5f63695f6c6173745f726567656e65726174657c693a313636313436313339323b6d6573736167657c733a32393a223c703e4c6f6767656420496e205375636365737366756c6c793c2f703e223b5f5f63695f766172737c613a313a7b733a373a226d657373616765223b733a333a226f6c64223b7d6964656e746974797c733a31373a226e303134343239373740756e662e656475223b656d61696c7c733a31373a226e303134343239373740756e662e656475223b757365725f69647c733a313a2231223b6f6c645f6c6173745f6c6f67696e7c733a31303a2231363630343134333935223b6c6173745f636865636b7c693a313636313435393634323b696f6e5f617574685f73657373696f6e5f686173687c733a34303a2236353833643663346632303539393865636163633966353162363861326132653434656130303036223b),
('ugjkaq9d7fui56lb0kjqjvsqeg9ikbrt', '::1', 1661461781, 0x5f5f63695f6c6173745f726567656e65726174657c693a313636313436313738313b6d6573736167657c733a303a22223b5f5f63695f766172737c613a313a7b733a373a226d657373616765223b733a333a226f6c64223b7d6964656e746974797c733a31373a226e303134343239373740756e662e656475223b656d61696c7c733a31373a226e303134343239373740756e662e656475223b757365725f69647c733a313a2231223b6f6c645f6c6173745f6c6f67696e7c733a31303a2231363630343134333935223b6c6173745f636865636b7c693a313636313435393634323b696f6e5f617574685f73657373696f6e5f686173687c733a34303a2236353833643663346632303539393865636163633966353162363861326132653434656130303036223b),
('5nup8vfurrn4e667r1ekr19gqkb7nc32', '::1', 1661463420, 0x5f5f63695f6c6173745f726567656e65726174657c693a313636313436333432303b6d6573736167657c733a303a22223b5f5f63695f766172737c613a313a7b733a373a226d657373616765223b733a333a226f6c64223b7d6964656e746974797c733a31373a226e303134343239373740756e662e656475223b656d61696c7c733a31373a226e303134343239373740756e662e656475223b757365725f69647c733a313a2231223b6f6c645f6c6173745f6c6f67696e7c733a31303a2231363630343134333935223b6c6173745f636865636b7c693a313636313435393634323b696f6e5f617574685f73657373696f6e5f686173687c733a34303a2236353833643663346632303539393865636163633966353162363861326132653434656130303036223b),
('5sana5114ef3871sf26euhsj3icbufvp', '::1', 1661464081, 0x5f5f63695f6c6173745f726567656e65726174657c693a313636313436343038313b6d6573736167657c733a303a22223b5f5f63695f766172737c613a313a7b733a373a226d657373616765223b733a333a226f6c64223b7d6964656e746974797c733a31373a226e303134343239373740756e662e656475223b656d61696c7c733a31373a226e303134343239373740756e662e656475223b757365725f69647c733a313a2231223b6f6c645f6c6173745f6c6f67696e7c733a31303a2231363630343134333935223b6c6173745f636865636b7c693a313636313435393634323b696f6e5f617574685f73657373696f6e5f686173687c733a34303a2236353833643663346632303539393865636163633966353162363861326132653434656130303036223b),
('t6ri1j9359hmc1oe2c2ro6hvv1i2bttc', '::1', 1661464444, 0x5f5f63695f6c6173745f726567656e65726174657c693a313636313436343434343b6d6573736167657c733a303a22223b5f5f63695f766172737c613a313a7b733a373a226d657373616765223b733a333a226f6c64223b7d6964656e746974797c733a31373a226e303134343239373740756e662e656475223b656d61696c7c733a31373a226e303134343239373740756e662e656475223b757365725f69647c733a313a2231223b6f6c645f6c6173745f6c6f67696e7c733a31303a2231363630343134333935223b6c6173745f636865636b7c693a313636313435393634323b696f6e5f617574685f73657373696f6e5f686173687c733a34303a2236353833643663346632303539393865636163633966353162363861326132653434656130303036223b),
('96it194gqstjt74f9k2i94irdjbh337m', '::1', 1661464776, 0x5f5f63695f6c6173745f726567656e65726174657c693a313636313436343737363b6d6573736167657c733a303a22223b5f5f63695f766172737c613a313a7b733a373a226d657373616765223b733a333a226f6c64223b7d6964656e746974797c733a31373a226e303134343239373740756e662e656475223b656d61696c7c733a31373a226e303134343239373740756e662e656475223b757365725f69647c733a313a2231223b6f6c645f6c6173745f6c6f67696e7c733a31303a2231363630343134333935223b6c6173745f636865636b7c693a313636313435393634323b696f6e5f617574685f73657373696f6e5f686173687c733a34303a2236353833643663346632303539393865636163633966353162363861326132653434656130303036223b),
('fdfpt5087f7n6l9ohan73imsiqd8kbeb', '::1', 1661465872, 0x5f5f63695f6c6173745f726567656e65726174657c693a313636313436353837323b6d6573736167657c733a303a22223b5f5f63695f766172737c613a313a7b733a373a226d657373616765223b733a333a226f6c64223b7d6964656e746974797c733a31373a226e303134343239373740756e662e656475223b656d61696c7c733a31373a226e303134343239373740756e662e656475223b757365725f69647c733a313a2231223b6f6c645f6c6173745f6c6f67696e7c733a31303a2231363630343134333935223b6c6173745f636865636b7c693a313636313435393634323b696f6e5f617574685f73657373696f6e5f686173687c733a34303a2236353833643663346632303539393865636163633966353162363861326132653434656130303036223b),
('og8eo0opqhmngrngbesc76b5lum02ad8', '::1', 1661466176, 0x5f5f63695f6c6173745f726567656e65726174657c693a313636313436363137363b6d6573736167657c733a303a22223b5f5f63695f766172737c613a313a7b733a373a226d657373616765223b733a333a226f6c64223b7d6964656e746974797c733a31373a226e303134343239373740756e662e656475223b656d61696c7c733a31373a226e303134343239373740756e662e656475223b757365725f69647c733a313a2231223b6f6c645f6c6173745f6c6f67696e7c733a31303a2231363630343134333935223b6c6173745f636865636b7c693a313636313435393634323b696f6e5f617574685f73657373696f6e5f686173687c733a34303a2236353833643663346632303539393865636163633966353162363861326132653434656130303036223b),
('7hfuhp88eb8la1o3b85pf15t40t5f3dq', '::1', 1661466721, 0x5f5f63695f6c6173745f726567656e65726174657c693a313636313436363732313b6d6573736167657c733a303a22223b5f5f63695f766172737c613a313a7b733a373a226d657373616765223b733a333a226f6c64223b7d6964656e746974797c733a31373a226e303134343239373740756e662e656475223b656d61696c7c733a31373a226e303134343239373740756e662e656475223b757365725f69647c733a313a2231223b6f6c645f6c6173745f6c6f67696e7c733a31303a2231363630343134333935223b6c6173745f636865636b7c693a313636313435393634323b696f6e5f617574685f73657373696f6e5f686173687c733a34303a2236353833643663346632303539393865636163633966353162363861326132653434656130303036223b),
('0moslmmrrfopkstucnjsmsfs6q441j99', '::1', 1661467331, 0x5f5f63695f6c6173745f726567656e65726174657c693a313636313436373333313b6d6573736167657c733a303a22223b5f5f63695f766172737c613a313a7b733a373a226d657373616765223b733a333a226f6c64223b7d6964656e746974797c733a31373a226e303134343239373740756e662e656475223b656d61696c7c733a31373a226e303134343239373740756e662e656475223b757365725f69647c733a313a2231223b6f6c645f6c6173745f6c6f67696e7c733a31303a2231363630343134333935223b6c6173745f636865636b7c693a313636313435393634323b696f6e5f617574685f73657373696f6e5f686173687c733a34303a2236353833643663346632303539393865636163633966353162363861326132653434656130303036223b),
('6le9k9hj9s0777r6e5stq88dndnjsuv8', '::1', 1661468174, 0x5f5f63695f6c6173745f726567656e65726174657c693a313636313436383137343b6d6573736167657c733a303a22223b5f5f63695f766172737c613a313a7b733a373a226d657373616765223b733a333a226f6c64223b7d6964656e746974797c733a31373a226e303134343239373740756e662e656475223b656d61696c7c733a31373a226e303134343239373740756e662e656475223b757365725f69647c733a313a2231223b6f6c645f6c6173745f6c6f67696e7c733a31303a2231363630343134333935223b6c6173745f636865636b7c693a313636313435393634323b696f6e5f617574685f73657373696f6e5f686173687c733a34303a2236353833643663346632303539393865636163633966353162363861326132653434656130303036223b),
('ocruvjlgg6ovue7rtvpurcejh6v1vg54', '::1', 1661475826, 0x5f5f63695f6c6173745f726567656e65726174657c693a313636313437353832363b6d6573736167657c733a303a22223b5f5f63695f766172737c613a313a7b733a373a226d657373616765223b733a333a226f6c64223b7d6964656e746974797c733a31373a226e303134343239373740756e662e656475223b656d61696c7c733a31373a226e303134343239373740756e662e656475223b757365725f69647c733a313a2231223b6f6c645f6c6173745f6c6f67696e7c733a31303a2231363630343134333935223b6c6173745f636865636b7c693a313636313435393634323b696f6e5f617574685f73657373696f6e5f686173687c733a34303a2236353833643663346632303539393865636163633966353162363861326132653434656130303036223b),
('n7j9r5e13ph09ivdfrktj8bbi7rfdlcn', '::1', 1661476130, 0x5f5f63695f6c6173745f726567656e65726174657c693a313636313437363133303b6d6573736167657c733a303a22223b5f5f63695f766172737c613a313a7b733a373a226d657373616765223b733a333a226f6c64223b7d6964656e746974797c733a31373a226e303134343239373740756e662e656475223b656d61696c7c733a31373a226e303134343239373740756e662e656475223b757365725f69647c733a313a2231223b6f6c645f6c6173745f6c6f67696e7c733a31303a2231363630343134333935223b6c6173745f636865636b7c693a313636313435393634323b696f6e5f617574685f73657373696f6e5f686173687c733a34303a2236353833643663346632303539393865636163633966353162363861326132653434656130303036223b),
('n3nojls6rha477gnmurtqvdcnfrun86m', '::1', 1661476518, 0x5f5f63695f6c6173745f726567656e65726174657c693a313636313437363531383b6d6573736167657c733a303a22223b5f5f63695f766172737c613a313a7b733a373a226d657373616765223b733a333a226f6c64223b7d6964656e746974797c733a31373a226e303134343239373740756e662e656475223b656d61696c7c733a31373a226e303134343239373740756e662e656475223b757365725f69647c733a313a2231223b6f6c645f6c6173745f6c6f67696e7c733a31303a2231363630343134333935223b6c6173745f636865636b7c693a313636313435393634323b696f6e5f617574685f73657373696f6e5f686173687c733a34303a2236353833643663346632303539393865636163633966353162363861326132653434656130303036223b),
('2cvfk02l7276l4iue61oscp7f2cmmris', '::1', 1661476834, 0x5f5f63695f6c6173745f726567656e65726174657c693a313636313437363833343b6d6573736167657c733a303a22223b5f5f63695f766172737c613a313a7b733a373a226d657373616765223b733a333a226f6c64223b7d6964656e746974797c733a31373a226e303134343239373740756e662e656475223b656d61696c7c733a31373a226e303134343239373740756e662e656475223b757365725f69647c733a313a2231223b6f6c645f6c6173745f6c6f67696e7c733a31303a2231363630343134333935223b6c6173745f636865636b7c693a313636313435393634323b696f6e5f617574685f73657373696f6e5f686173687c733a34303a2236353833643663346632303539393865636163633966353162363861326132653434656130303036223b),
('7s6n4omtcl5s045b0meibn4eg5e1ou6i', '::1', 1661478366, 0x5f5f63695f6c6173745f726567656e65726174657c693a313636313437383336363b6d6573736167657c733a303a22223b5f5f63695f766172737c613a313a7b733a373a226d657373616765223b733a333a226f6c64223b7d6964656e746974797c733a31373a226e303134343239373740756e662e656475223b656d61696c7c733a31373a226e303134343239373740756e662e656475223b757365725f69647c733a313a2231223b6f6c645f6c6173745f6c6f67696e7c733a31303a2231363630343134333935223b6c6173745f636865636b7c693a313636313435393634323b696f6e5f617574685f73657373696f6e5f686173687c733a34303a2236353833643663346632303539393865636163633966353162363861326132653434656130303036223b),
('dg799b76f1l2kgb09le7j9t1u324pa28', '::1', 1661478691, 0x5f5f63695f6c6173745f726567656e65726174657c693a313636313437383639313b6d6573736167657c733a303a22223b5f5f63695f766172737c613a313a7b733a373a226d657373616765223b733a333a226f6c64223b7d6964656e746974797c733a31373a226e303134343239373740756e662e656475223b656d61696c7c733a31373a226e303134343239373740756e662e656475223b757365725f69647c733a313a2231223b6f6c645f6c6173745f6c6f67696e7c733a31303a2231363630343134333935223b6c6173745f636865636b7c693a313636313435393634323b696f6e5f617574685f73657373696f6e5f686173687c733a34303a2236353833643663346632303539393865636163633966353162363861326132653434656130303036223b),
('1urq860dcseucf7phs7doh03faenhiu8', '::1', 1661479002, 0x5f5f63695f6c6173745f726567656e65726174657c693a313636313437393030323b6d6573736167657c733a303a22223b5f5f63695f766172737c613a313a7b733a373a226d657373616765223b733a333a226f6c64223b7d6964656e746974797c733a31373a226e303134343239373740756e662e656475223b656d61696c7c733a31373a226e303134343239373740756e662e656475223b757365725f69647c733a313a2231223b6f6c645f6c6173745f6c6f67696e7c733a31303a2231363630343134333935223b6c6173745f636865636b7c693a313636313435393634323b696f6e5f617574685f73657373696f6e5f686173687c733a34303a2236353833643663346632303539393865636163633966353162363861326132653434656130303036223b),
('3776fpu51tq07gmsboh9cppr06monp1t', '::1', 1661479306, 0x5f5f63695f6c6173745f726567656e65726174657c693a313636313437393330363b6d6573736167657c733a303a22223b5f5f63695f766172737c613a313a7b733a373a226d657373616765223b733a333a226f6c64223b7d6964656e746974797c733a31373a226e303134343239373740756e662e656475223b656d61696c7c733a31373a226e303134343239373740756e662e656475223b757365725f69647c733a313a2231223b6f6c645f6c6173745f6c6f67696e7c733a31303a2231363630343134333935223b6c6173745f636865636b7c693a313636313435393634323b696f6e5f617574685f73657373696f6e5f686173687c733a34303a2236353833643663346632303539393865636163633966353162363861326132653434656130303036223b),
('arqoji9ltj04h809tbbq1na1oraqht0j', '::1', 1661479555, 0x5f5f63695f6c6173745f726567656e65726174657c693a313636313437393330363b6d6573736167657c733a303a22223b5f5f63695f766172737c613a313a7b733a373a226d657373616765223b733a333a226f6c64223b7d6964656e746974797c733a31373a226e303134343239373740756e662e656475223b656d61696c7c733a31373a226e303134343239373740756e662e656475223b757365725f69647c733a313a2231223b6f6c645f6c6173745f6c6f67696e7c733a31303a2231363630343134333935223b6c6173745f636865636b7c693a313636313435393634323b696f6e5f617574685f73657373696f6e5f686173687c733a34303a2236353833643663346632303539393865636163633966353162363861326132653434656130303036223b);

-- --------------------------------------------------------

--
-- Table structure for table `login_attempts`
--

CREATE TABLE `login_attempts` (
  `id` int(10) UNSIGNED NOT NULL,
  `ip_address` varchar(45) NOT NULL,
  `login` varchar(100) NOT NULL,
  `time` int(10) UNSIGNED DEFAULT NULL
) ENGINE=InnoDB DEFAULT CHARSET=utf8;

-- --------------------------------------------------------

--
-- Table structure for table `orders`
--

CREATE TABLE `orders` (
  `id` int(10) UNSIGNED NOT NULL,
  `product_id` int(10) UNSIGNED NOT NULL,
  `customer` varchar(100) NOT NULL,
  `ready` tinyint(1) NOT NULL DEFAULT 0
) ENGINE=InnoDB DEFAULT CHARSET=utf8mb4;

--
-- Dumping data for table `orders`
--

INSERT INTO `orders` (`id`, `product_id`, `customer`, `ready`) VALUES
(1, 2, 'patron a', 1),
(2, 1, 'another customer', 1),
(3, 3, 'another customer', 0),
(4, 1, 'basic customer', 0);

-- --------------------------------------------------------

--
-- Table structure for table `products`
--

CREATE TABLE `products` (
  `id` int(10) UNSIGNED NOT NULL,
  `name` varchar(100) NOT NULL,
  `description` text DEFAULT NULL,
  `price` decimal(10,2) NOT NULL DEFAULT 0.00
) ENGINE=InnoDB DEFAULT CHARSET=utf8mb4;

--
-- Dumping data for table `products`
--

INSERT INTO `products` (`id`, `name`, `description`, `price`) VALUES
(1, 'Cocktail A', 'Basic Cocktail', '5.05'),
(2, 'Cocktail B', 'Like Cocktail A but with B', '5.00'),
(3, 'Fancy Cocktail', 'Pinky\'s Up', '55.05');

-- --------------------------------------------------------

--
-- Table structure for table `roles_permissions`
--

CREATE TABLE `roles_permissions` (
  `id` int(10) NOT NULL,
  `user_role` int(10) NOT NULL,
  `entity` varchar(50) NOT NULL,
  `action` varchar(50) NOT NULL,
  `permission` tinyint(1) NOT NULL DEFAULT 0
) ENGINE=InnoDB DEFAULT CHARSET=utf8mb4;

--
-- Dumping data for table `roles_permissions`
--

INSERT INTO `roles_permissions` (`id`, `user_role`, `entity`, `action`, `permission`) VALUES
(1, 1, 'products', 'modify', 0),
(2, 1, 'products', 'manage', 0),
(3, 1, 'products', 'view', 1),
(4, 1, 'orders', 'modify', 0),
(5, 1, 'orders', 'manage', 0),
(6, 1, 'orders', 'view', 0),
(7, 2, 'products', 'modify', 1),
(8, 2, 'products', 'manage', 1),
(9, 2, 'products', 'view', 1),
(10, 2, 'orders', 'modify', 1),
(11, 2, 'orders', 'manage', 1),
(12, 2, 'orders', 'view', 1),
(13, 3, 'products', 'modify', 0),
(14, 3, 'products', 'manage', 1),
(15, 3, 'products', 'view', 1),
(16, 3, 'orders', 'modify', 0),
(17, 3, 'orders', 'manage', 1),
(18, 3, 'orders', 'view', 1);

-- --------------------------------------------------------

--
-- Table structure for table `users`
--

CREATE TABLE `users` (
  `id` int(10) UNSIGNED NOT NULL,
  `username` varchar(100) DEFAULT NULL,
  `first_name` varchar(50) DEFAULT NULL,
  `last_name` varchar(50) DEFAULT NULL,
  `role` int(10) DEFAULT 1,
  `email` varchar(254) NOT NULL,
  `active` tinyint(3) UNSIGNED DEFAULT NULL,
  `created_on` timestamp NULL DEFAULT current_timestamp(),
  `ip_address` varchar(45) NOT NULL,
  `last_login` int(10) UNSIGNED DEFAULT NULL,
  `salt` varchar(255) NOT NULL,
  `password` varchar(255) NOT NULL,
  `activation_selector` varchar(255) DEFAULT NULL,
  `activation_code` varchar(255) DEFAULT NULL,
  `forgotten_password_selector` varchar(255) DEFAULT NULL,
  `forgotten_password_code` varchar(255) DEFAULT NULL,
  `forgotten_password_time` int(10) UNSIGNED DEFAULT NULL,
  `remember_selector` varchar(255) DEFAULT NULL,
  `remember_code` varchar(255) DEFAULT NULL
) ENGINE=InnoDB DEFAULT CHARSET=utf8;

--
-- Dumping data for table `users`
--

INSERT INTO `users` (`id`, `username`, `first_name`, `last_name`, `role`, `email`, `active`, `created_on`, `ip_address`, `last_login`, `salt`, `password`, `activation_selector`, `activation_code`, `forgotten_password_selector`, `forgotten_password_code`, `forgotten_password_time`, `remember_selector`, `remember_code`) VALUES
(1, 'jdelcastillo@elykinnovation.com', 'Joseph', 'Delcastillo III', 2, 'n01442977@unf.edu', 1, '2022-05-18 16:07:24', '', 1661459642, 'OKM+-Y)I%S2^nd*+beYbK7MrW6jmHGD#', '144253624ac142635321c006ec92248002ac28268568125eea7408d316141c61', NULL, NULL, NULL, NULL, NULL, '82b5c0782f60455ea1cacf2645cc3f2c1f136a01', '$2y$10$Jw90wnq/bZuqAnWHH1fgG.xqv0jwQfsyRUCigKCoRf9EVjkusUtuC');

-- --------------------------------------------------------

--
-- Table structure for table `user_roles`
--

CREATE TABLE `user_roles` (
  `id` int(10) NOT NULL,
  `name` varchar(256) NOT NULL
) ENGINE=InnoDB DEFAULT CHARSET=latin1;

--
-- Dumping data for table `user_roles`
--

INSERT INTO `user_roles` (`id`, `name`) VALUES
(1, 'customer'),
(2, 'developer'),
(3, 'bartender');

--
-- Indexes for dumped tables
--

--
-- Indexes for table `audit_log`
--
ALTER TABLE `audit_log`
  ADD PRIMARY KEY (`id`),
  ADD KEY `FK_audit_user` (`user_id`);

--
-- Indexes for table `ci_sessions`
--
ALTER TABLE `ci_sessions`
  ADD KEY `ci_sessions_timestamp` (`timestamp`);

--
-- Indexes for table `login_attempts`
--
ALTER TABLE `login_attempts`
  ADD PRIMARY KEY (`id`);

--
-- Indexes for table `orders`
--
ALTER TABLE `orders`
  ADD PRIMARY KEY (`id`);

--
-- Indexes for table `products`
--
ALTER TABLE `products`
  ADD PRIMARY KEY (`id`);

--
-- Indexes for table `roles_permissions`
--
ALTER TABLE `roles_permissions`
  ADD PRIMARY KEY (`id`),
  ADD KEY `FK_user_role_id` (`user_role`);

--
-- Indexes for table `users`
--
ALTER TABLE `users`
  ADD PRIMARY KEY (`id`),
  ADD UNIQUE KEY `uc_email` (`email`),
  ADD UNIQUE KEY `uc_activation_selector` (`activation_selector`),
  ADD UNIQUE KEY `uc_forgotten_password_selector` (`forgotten_password_selector`),
  ADD UNIQUE KEY `uc_remember_selector` (`remember_selector`),
  ADD UNIQUE KEY `username` (`username`),
  ADD KEY `fk_member_of_company` (`role`);

--
-- Indexes for table `user_roles`
--
ALTER TABLE `user_roles`
  ADD PRIMARY KEY (`id`);

--
-- AUTO_INCREMENT for dumped tables
--

--
-- AUTO_INCREMENT for table `audit_log`
--
ALTER TABLE `audit_log`
  MODIFY `id` int(11) NOT NULL AUTO_INCREMENT, AUTO_INCREMENT=114;

--
-- AUTO_INCREMENT for table `login_attempts`
--
ALTER TABLE `login_attempts`
  MODIFY `id` int(10) UNSIGNED NOT NULL AUTO_INCREMENT, AUTO_INCREMENT=32;

--
-- AUTO_INCREMENT for table `orders`
--
ALTER TABLE `orders`
  MODIFY `id` int(10) UNSIGNED NOT NULL AUTO_INCREMENT, AUTO_INCREMENT=5;

--
-- AUTO_INCREMENT for table `products`
--
ALTER TABLE `products`
  MODIFY `id` int(10) UNSIGNED NOT NULL AUTO_INCREMENT, AUTO_INCREMENT=4;

--
-- AUTO_INCREMENT for table `roles_permissions`
--
ALTER TABLE `roles_permissions`
  MODIFY `id` int(10) NOT NULL AUTO_INCREMENT, AUTO_INCREMENT=19;

--
-- AUTO_INCREMENT for table `users`
--
ALTER TABLE `users`
  MODIFY `id` int(10) UNSIGNED NOT NULL AUTO_INCREMENT, AUTO_INCREMENT=2;

--
-- AUTO_INCREMENT for table `user_roles`
--
ALTER TABLE `user_roles`
  MODIFY `id` int(10) NOT NULL AUTO_INCREMENT, AUTO_INCREMENT=4;

--
-- Constraints for dumped tables
--

--
-- Constraints for table `roles_permissions`
--
ALTER TABLE `roles_permissions`
  ADD CONSTRAINT `FK_user_role_id` FOREIGN KEY (`user_role`) REFERENCES `user_roles` (`id`);

--
-- Constraints for table `users`
--
ALTER TABLE `users`
  ADD CONSTRAINT `FK_user_role` FOREIGN KEY (`role`) REFERENCES `user_roles` (`id`) ON DELETE NO ACTION ON UPDATE CASCADE;
COMMIT;

/*!40101 SET CHARACTER_SET_CLIENT=@OLD_CHARACTER_SET_CLIENT */;
/*!40101 SET CHARACTER_SET_RESULTS=@OLD_CHARACTER_SET_RESULTS */;
/*!40101 SET COLLATION_CONNECTION=@OLD_COLLATION_CONNECTION */;
